date,year,month,app,volume_mn,value_cr,value_complete
2022-01-01,2022,1,AU Small Finance Bank App,0.23,81.15,1
2022-01-01,2022,1,Airtel Payments Bank Apps,13.22,4729.77,1
2022-01-01,2022,1,Allahabad Bank App,0.02,7.36,1
2022-01-01,2022,1,Amazon Pay,73.5,6729.66,1
2022-01-01,2022,1,Axis Bank Apps,47.25,1093.02,1
2022-01-01,2022,1,BHIM,25.82,8511.91,1
2022-01-01,2022,1,Bajaj Finserv,0.24,12.88,1
2022-01-01,2022,1,Bank of Baroda Apps,0.71,342.85,1
2022-01-01,2022,1,Bank of India App,0.05,20.23,1
2022-01-01,2022,1,Bank of Maharashtra App,0.05,12.46,1
2022-01-01,2022,1,CRED,10.68,14189.86,1
2022-01-01,2022,1,Canara Bank App,0.26,98.95,1
2022-01-01,2022,1,Central Bank of India App,0.13,47.33,1
2022-01-01,2022,1,Citi Bank App,0.09,77.8,1
2022-01-01,2022,1,City Union Bank App,0.02,4.92,1
2022-01-01,2022,1,Cointab,1.21,179.22,1
2022-01-01,2022,1,DBS Digibank App,0.51,186.79,1
2022-01-01,2022,1,Dena Bank App,0.02,26.5,1
2022-01-01,2022,1,Deutsche Bank App,0.92,62.08,1
2022-01-01,2022,1,Dhanlaxmi Bank App,0.01,2.95,1
2022-01-01,2022,1,Federal Bank App,0.54,109.25,1
2022-01-01,2022,1,Fino Payments bank App,0.03,2.79,1
2022-01-01,2022,1,Finshell Pay,0.07,3.69,1
2022-01-01,2022,1,Google Pay,1584.2,,0
2022-01-01,2022,1,HDFC Bank Apps,4.94,1366.89,1
2022-01-01,2022,1,HSBC Bank App,0.08,54.57,1
2022-01-01,2022,1,ICICI Bank Apps,33.43,8707.05,1
2022-01-01,2022,1,IDBI Bank App,0.02,12.54,1
2022-01-01,2022,1,IDFC Bank App,1.22,316.37,1
2022-01-01,2022,1,India Post Payments Bank App,2.65,309.42,1
2022-01-01,2022,1,Indian Bank App,0.13,47.42,1
2022-01-01,2022,1,IndusInd Bank App,0.74,1218.79,1
2022-01-01,2022,1,Jammu and Kashmir Bank App,0.01,2.47,1
2022-01-01,2022,1,Janta Sahakari Bank App,0.01,4.46,1
2022-01-01,2022,1,Jio Payments Bank App,2.05,114.39,1
2022-01-01,2022,1,Jupiter Money,1.02,156.15,1
2022-01-01,2022,1,Karnataka Bank App,0.25,31.19,1
2022-01-01,2022,1,Karur Vysya Bank App,0.04,17.37,1
2022-01-01,2022,1,Kotak Mahindra Bank Apps,6.88,1333.06,1
2022-01-01,2022,1,MI Pay,0.27,40.51,1
2022-01-01,2022,1,MakeMy Trip,0.06,19.63,1
2022-01-01,2022,1,Mobikwik,3.87,886.55,1
2022-01-01,2022,1,NSDL Payments Bank App,0.02,1.45,1
2022-01-01,2022,1,Others,0.02,9.08,1
2022-01-01,2022,1,Paytm,710.28,85125.97,1
2022-01-01,2022,1,PhonePe,2140.28,,0
2022-01-01,2022,1,Punjab National Bank App,0.09,44.86,1
2022-01-01,2022,1,Punjab Sindh Bank App,0.01,2.87,1
2022-01-01,2022,1,RBL Bank App,0.43,101.45,1
2022-01-01,2022,1,Samsung Pay,3.17,431.07,1
2022-01-01,2022,1,South Indian Bank App,0.13,41.4,1
2022-01-01,2022,1,Standard Chartered Bank App,0.11,60.49,1
2022-01-01,2022,1,State Bank of India Apps,3.62,1967.05,1
2022-01-01,2022,1,UCO Bank App,0.16,37.26,1
2022-01-01,2022,1,Ultracash,2.14,177.63,1
2022-01-01,2022,1,Union Bank Apps,0.39,182.27,1
2022-01-01,2022,1,WhatsApp Pay,2.34,205.83,1
2022-01-01,2022,1,Yes Bank Apps,27.59,5817.16,1
2022-01-01,2022,1,YuvaPay,0.05,77.12,1
2022-02-01,2022,2,AU Small Finance Bank App,0.25,89.36,1
2022-02-01,2022,2,Airtel Payments Bank Apps,7.58,2210.17,1
2022-02-01,2022,2,Allahabad Bank App,0.02,6.28,1
2022-02-01,2022,2,Amazon Pay,63.49,6044.47,1
2022-02-01,2022,2,Axis Bank Apps,54.78,1405.26,1
2022-02-01,2022,2,BHIM,23.25,7891.86,1
2022-02-01,2022,2,Bajaj Finserv,0.33,19.32,1
2022-02-01,2022,2,Bank of Baroda Apps,0.67,330.69,1
2022-02-01,2022,2,Bank of India App,0.05,21.28,1
2022-02-01,2022,2,Bank of Maharashtra App,0.05,12.49,1
2022-02-01,2022,2,CRED,10.08,13364.09,1
2022-02-01,2022,2,Canara Bank App,0.26,95.78,1
2022-02-01,2022,2,Central Bank of India App,0.12,45.26,1
2022-02-01,2022,2,Citi Bank App,0.08,69.22,1
2022-02-01,2022,2,City Union Bank App,0.02,5.49,1
2022-02-01,2022,2,Cointab,1.73,280.57,1
2022-02-01,2022,2,DBS Digibank App,0.46,173.63,1
2022-02-01,2022,2,Dena Bank App,0.02,23.93,1
2022-02-01,2022,2,Deutsche Bank App,0.87,70.43,1
2022-02-01,2022,2,Dhanlaxmi Bank App,0.01,2.83,1
2022-02-01,2022,2,Federal Bank App,0.55,108.21,1
2022-02-01,2022,2,Fino Payments bank App,0.03,3.25,1
2022-02-01,2022,2,Finshell Pay,0.06,3.8,1
2022-02-01,2022,2,Google Pay,1524.09,,0
2022-02-01,2022,2,HDFC Bank Apps,4.59,1370.03,1
2022-02-01,2022,2,HSBC Bank App,0.08,52.97,1
2022-02-01,2022,2,ICICI Bank Apps,30.66,8727.44,1
2022-02-01,2022,2,IDBI Bank App,0.02,14.6,1
2022-02-01,2022,2,IDFC Bank App,1.21,321.93,1
2022-02-01,2022,2,India Post Payments Bank App,2.21,268.9,1
2022-02-01,2022,2,Indian Bank App,0.11,42.07,1
2022-02-01,2022,2,IndusInd Bank App,0.77,1358.24,1
2022-02-01,2022,2,Jammu and Kashmir Bank App,0.01,3.43,1
2022-02-01,2022,2,Janta Sahakari Bank App,0.01,4.33,1
2022-02-01,2022,2,Jio Payments Bank App,1.97,111.85,1
2022-02-01,2022,2,Jupiter Money,1.13,140.79,1
2022-02-01,2022,2,Karnataka Bank App,0.25,31.35,1
2022-02-01,2022,2,Karur Vysya Bank App,0.04,17.17,1
2022-02-01,2022,2,Kotak Mahindra Bank Apps,6.91,1383.3,1
2022-02-01,2022,2,MI Pay,0.25,38.46,1
2022-02-01,2022,2,MakeMy Trip,0.08,33.03,1
2022-02-01,2022,2,Mobikwik,3.78,755.89,1
2022-02-01,2022,2,NSDL Payments Bank App,0.02,1.77,1
2022-02-01,2022,2,Others,0.02,8.15,1
2022-02-01,2022,2,Paytm,706.77,86299.22,1
2022-02-01,2022,2,PhonePe,2120.2,,0
2022-02-01,2022,2,Punjab National Bank App,0.08,43.49,1
2022-02-01,2022,2,Punjab Sindh Bank Apps,0.01,2.66,1
2022-02-01,2022,2,RBL Bank App,0.51,107.25,1
2022-02-01,2022,2,Samsung Pay,3.14,421.97,1
2022-02-01,2022,2,South Indian Bank App,0.12,38.69,1
2022-02-01,2022,2,Standard Chartered Bank App,0.12,64.7,1
2022-02-01,2022,2,State Bank of India Apps,3.38,1863.42,1
2022-02-01,2022,2,UCO Bank App,0.16,35.05,1
2022-02-01,2022,2,Ultracash,1.51,158.7,1
2022-02-01,2022,2,Union Bank Apps,0.35,166.72,1
2022-02-01,2022,2,Utkarsh Small Finance Bank,0.01,2.42,1
2022-02-01,2022,2,WhatsApp Pay,2.24,207.09,1
2022-02-01,2022,2,Yes Bank Apps,32.17,6551.61,1
2022-02-01,2022,2,YuvaPay,0.05,89.7,1
2022-03-01,2022,3,AU Small Finance Bank Apps,0.29,104.48,1
2022-03-01,2022,3,Airtel Payments Bank Apps,13.16,4492.25,1
2022-03-01,2022,3,Allahabad Bank Apps,0.02,6.15,1
2022-03-01,2022,3,Amazon Pay,76.34,6894.78,1
2022-03-01,2022,3,Axis Bank Apps,61.29,1084.94,1
2022-03-01,2022,3,BHIM,24.88,8050.24,1
2022-03-01,2022,3,Bajaj Finserv,0.35,24.08,1
2022-03-01,2022,3,Bank of Baroda Apps,0.69,328.61,1
2022-03-01,2022,3,Bank of India Apps,0.08,26.22,1
2022-03-01,2022,3,Bank of Maharashtra Apps,0.05,15.0,1
2022-03-01,2022,3,CRED,12.11,16136.11,1
2022-03-01,2022,3,Canara Bank Apps,0.31,109.68,1
2022-03-01,2022,3,Central Bank of India Apps,0.14,50.67,1
2022-03-01,2022,3,Citi Bank Apps,0.11,68.41,1
2022-03-01,2022,3,City Union Bank Apps,0.03,7.3,1
2022-03-01,2022,3,Cointab,0.08,33.22,1
2022-03-01,2022,3,DBS Digibank Apps,0.49,185.52,1
2022-03-01,2022,3,Dena Bank Apps,0.02,29.32,1
2022-03-01,2022,3,Deutsche Bank Apps,1.02,93.02,1
2022-03-01,2022,3,Dhanlaxmi Bank Apps,0.01,3.29,1
2022-03-01,2022,3,Fave,0.37,13.0,1
2022-03-01,2022,3,Federal Bank Apps,2.45,360.96,1
2022-03-01,2022,3,Fino Payments bank Apps,0.04,3.47,1
2022-03-01,2022,3,Finserv Markets,0.03,1.49,1
2022-03-01,2022,3,Finshell Pay,0.08,4.0,1
2022-03-01,2022,3,GoIbibo,0.02,5.91,1
2022-03-01,2022,3,Google Pay,1838.12,,0
2022-03-01,2022,3,Groww,0.83,472.71,1
2022-03-01,2022,3,HDFC Bank Apps,5.45,1624.54,1
2022-03-01,2022,3,HSBC Bank Apps,0.1,62.0,1
2022-03-01,2022,3,ICICI Bank Apps,35.13,10538.69,1
2022-03-01,2022,3,IDBI Bank Apps,0.03,16.25,1
2022-03-01,2022,3,IDFC Bank Apps,2.7,534.56,1
2022-03-01,2022,3,India Post Payments Bank Apps,2.95,321.14,1
2022-03-01,2022,3,Indian Bank Apps,0.11,42.26,1
2022-03-01,2022,3,Indian Overseas Bank Apps,0.01,1.62,1
2022-03-01,2022,3,IndusInd Bank Apps,1.03,2252.3,1
2022-03-01,2022,3,Jammu and Kashmir Bank Apps,0.01,2.15,1
2022-03-01,2022,3,Janata Sahakari Bank Apps,0.01,4.51,1
2022-03-01,2022,3,Jio Payments Bank Apps,2.27,129.5,1
2022-03-01,2022,3,Jupiter,1.32,164.8,1
2022-03-01,2022,3,Karnataka Bank Apps,0.3,37.96,1
2022-03-01,2022,3,Karur Vysya Bank Apps,0.04,18.29,1
2022-03-01,2022,3,Kotak Mahindra Bank Apps,7.92,1587.51,1
2022-03-01,2022,3,MI Pay,0.24,36.02,1
2022-03-01,2022,3,MakeMyTrip,0.1,47.1,1
2022-03-01,2022,3,Mobikwik,3.6,739.25,1
2022-03-01,2022,3,NSDL Payments Bank Apps,0.02,2.28,1
2022-03-01,2022,3,Others,0.02,8.11,1
2022-03-01,2022,3,Paytm,837.14,95650.36,1
2022-03-01,2022,3,PhonePe,2527.15,,0
2022-03-01,2022,3,Punjab National Bank Apps,0.09,46.64,1
2022-03-01,2022,3,Punjab Sind Bank Apps,0.01,3.8,1
2022-03-01,2022,3,RBL Bank Apps,0.46,126.75,1
2022-03-01,2022,3,Samsung Pay,3.73,473.5,1
2022-03-01,2022,3,South Indian Bank Apps,0.13,44.63,1
2022-03-01,2022,3,Standard Chartered Bank Apps,0.13,69.84,1
2022-03-01,2022,3,State Bank of India Apps,4.01,2130.56,1
2022-03-01,2022,3,SuperPay,0.1,0.64,1
2022-03-01,2022,3,UCO Bank Apps,0.19,40.88,1
2022-03-01,2022,3,Ultracash,0.03,1.12,1
2022-03-01,2022,3,Union Bank Apps,0.41,197.01,1
2022-03-01,2022,3,Utkarsh Small Finance Bank Apps,0.01,3.9,1
2022-03-01,2022,3,WhatsApp Pay,2.54,239.78,1
2022-03-01,2022,3,Yes Bank Apps,35.25,8746.74,1
2022-03-01,2022,3,YuvaPay,0.06,105.39,1
2022-04-01,2022,4,AU Small Finance Bank Apps,0.32,109.89,1
2022-04-01,2022,4,Airtel Payments Bank Apps,5.3,460.9,1
2022-04-01,2022,4,Amazon Pay,73.21,6699.57,1
2022-04-01,2022,4,Axis Bank Apps,64.03,1257.15,1
2022-04-01,2022,4,BHIM,25.69,8354.34,1
2022-04-01,2022,4,Bajaj Finserv,0.52,38.61,1
2022-04-01,2022,4,Bank of Baroda Apps,0.77,344.65,1
2022-04-01,2022,4,Bank of India Apps,0.1,32.62,1
2022-04-01,2022,4,Bank of Maharashtra Apps,0.05,14.56,1
2022-04-01,2022,4,CRED,13.05,16372.92,1
2022-04-01,2022,4,Canara Bank Apps,0.31,110.31,1
2022-04-01,2022,4,Central Bank of India Apps,0.13,51.04,1
2022-04-01,2022,4,Citi Bank Apps,0.08,66.03,1
2022-04-01,2022,4,City Union Bank Apps,0.03,8.41,1
2022-04-01,2022,4,Cointab,0.07,28.5,1
2022-04-01,2022,4,DBS Digibank Apps,0.47,175.45,1
2022-04-01,2022,4,Deutsche Bank Apps,1.51,128.43,1
2022-04-01,2022,4,Dhanlaxmi Bank Apps,0.01,3.02,1
2022-04-01,2022,4,Fave,0.18,7.73,1
2022-04-01,2022,4,Federal Bank Apps,2.7,375.64,1
2022-04-01,2022,4,Fino Payments bank Apps,0.04,3.26,1
2022-04-01,2022,4,Finserv Markets,0.01,1.06,1
2022-04-01,2022,4,Finshell Pay,0.08,4.45,1
2022-04-01,2022,4,GoIbibo,0.01,3.31,1
2022-04-01,2022,4,Google Pay,1914.77,344791.35,1
2022-04-01,2022,4,Groww,0.61,376.18,1
2022-04-01,2022,4,HDFC Bank Apps,5.9,1759.12,1
2022-04-01,2022,4,HSBC Bank Apps,0.11,59.72,1
2022-04-01,2022,4,ICICI Bank Apps,37.65,9356.17,1
2022-04-01,2022,4,IDBI Bank Apps,0.03,16.78,1
2022-04-01,2022,4,IDFC Bank Apps,2.49,532.69,1
2022-04-01,2022,4,India Post Payments Bank Apps,2.8,328.53,1
2022-04-01,2022,4,Indian Bank Apps,0.14,49.9,1
2022-04-01,2022,4,Indian Overseas Bank Apps,0.01,1.52,1
2022-04-01,2022,4,IndusInd Bank Apps,1.02,2596.71,1
2022-04-01,2022,4,Janata Sahakari Bank Apps,0.01,4.28,1
2022-04-01,2022,4,Jio Payments Bank Apps,2.1,126.25,1
2022-04-01,2022,4,Jupiter,1.47,186.13,1
2022-04-01,2022,4,Jupiter Edge (LivQuick PPI App),0.01,0.43,1
2022-04-01,2022,4,Karnataka Bank Apps,0.27,35.58,1
2022-04-01,2022,4,Karur Vysya Bank Apps,0.04,18.54,1
2022-04-01,2022,4,Kotak Mahindra Bank Apps,7.96,1684.35,1
2022-04-01,2022,4,MI Pay,0.19,28.58,1
2022-04-01,2022,4,MakeMyTrip,0.09,41.18,1
2022-04-01,2022,4,Mobikwik,2.37,421.47,1
2022-04-01,2022,4,NSDL Payments Bank Apps,0.02,2.32,1
2022-04-01,2022,4,Others,0.02,8.26,1
2022-04-01,2022,4,Paytm,851.61,101649.06,1
2022-04-01,2022,4,PhonePe,2616.26,486557.03,1
2022-04-01,2022,4,Punjab National Bank Apps,0.09,46.27,1
2022-04-01,2022,4,Punjab Sind Bank Apps,0.01,5.38,1
2022-04-01,2022,4,RBL Bank Apps,0.3,113.65,1
2022-04-01,2022,4,Samsung Pay,3.81,470.11,1
2022-04-01,2022,4,South Indian Bank Apps,0.13,45.03,1
2022-04-01,2022,4,Standard Chartered Bank Apps,0.12,68.15,1
2022-04-01,2022,4,State Bank of India Apps,4.03,2118.0,1
2022-04-01,2022,4,SuperPay,0.02,0.4,1
2022-04-01,2022,4,Tamilnad Mercantile Bank Apps,0.01,0.26,1
2022-04-01,2022,4,TataNeu,0.35,32.82,1
2022-04-01,2022,4,UCO Bank Apps,0.21,41.48,1
2022-04-01,2022,4,Ultracash,0.03,2.22,1
2022-04-01,2022,4,Union Bank Apps,0.42,198.34,1
2022-04-01,2022,4,Utkarsh Small Finance Bank Apps,0.01,3.88,1
2022-04-01,2022,4,WhatsApp Pay,2.5,242.4,1
2022-04-01,2022,4,Yes Bank Apps,34.07,10246.99,1
2022-04-01,2022,4,YuvaPay,0.06,103.34,1
2022-05-01,2022,5,AU Small Finance Bank Apps,0.35,107.22,1
2022-05-01,2022,5,Airtel Payments Bank Apps,6.11,486.62,1
2022-05-01,2022,5,Allahabad Bank Apps,0.02,6.25,1
2022-05-01,2022,5,Amazon Pay,74.83,6954.18,1
2022-05-01,2022,5,Axis Bank Apps,58.66,1425.16,1
2022-05-01,2022,5,BHIM,26.57,9559.66,1
2022-05-01,2022,5,Bajaj Finserv,0.79,58.53,1
2022-05-01,2022,5,Bank of Baroda Apps,0.88,406.79,1
2022-05-01,2022,5,Bank of India Apps,0.12,40.04,1
2022-05-01,2022,5,Bank of Maharashtra Apps,0.06,16.47,1
2022-05-01,2022,5,CRED,13.89,18174.61,1
2022-05-01,2022,5,Canara Bank Apps,0.33,114.09,1
2022-05-01,2022,5,Central Bank of India Apps,0.15,55.4,1
2022-05-01,2022,5,Citi Bank Apps,0.13,78.71,1
2022-05-01,2022,5,City Union Bank Apps,0.03,10.06,1
2022-05-01,2022,5,Cointab,0.06,23.77,1
2022-05-01,2022,5,DBS Digibank Apps,0.47,186.33,1
2022-05-01,2022,5,Deutsche Bank Apps,1.64,116.55,1
2022-05-01,2022,5,Dhanlaxmi Bank Apps,0.01,3.35,1
2022-05-01,2022,5,Fave,0.1,6.12,1
2022-05-01,2022,5,Federal Bank Apps,3.42,474.12,1
2022-05-01,2022,5,Fino Payments bank Apps,0.04,3.83,1
2022-05-01,2022,5,Finserv Markets,0.01,1.01,1
2022-05-01,2022,5,Finshell Pay,0.09,4.68,1
2022-05-01,2022,5,GoIbibo,0.01,2.41,1
2022-05-01,2022,5,Google Pay,2079.92,365989.27,1
2022-05-01,2022,5,Groww,0.51,335.28,1
2022-05-01,2022,5,HDFC Bank Apps,6.95,1981.11,1
2022-05-01,2022,5,HSBC Bank Apps,0.1,63.17,1
2022-05-01,2022,5,ICICI Bank Apps,37.59,11056.9,1
2022-05-01,2022,5,IDBI Bank Apps,0.03,18.48,1
2022-05-01,2022,5,IDFC Bank Apps,4.75,626.34,1
2022-05-01,2022,5,India Post Payments Bank Apps,3.1,351.88,1
2022-05-01,2022,5,Indian Bank Apps,0.16,53.13,1
2022-05-01,2022,5,Indian Overseas Bank Apps,0.01,2.35,1
2022-05-01,2022,5,IndusInd Bank Apps,1.01,1711.21,1
2022-05-01,2022,5,Janata Sahakari Bank Apps,0.01,4.79,1
2022-05-01,2022,5,Jio Payments Bank Apps,2.08,127.88,1
2022-05-01,2022,5,Jupiter,1.79,215.44,1
2022-05-01,2022,5,Jupiter Edge (LivQuick PPI),0.1,5.74,1
2022-05-01,2022,5,Karnataka Bank Apps,0.33,40.34,1
2022-05-01,2022,5,Karur Vysya Bank Apps,0.04,17.69,1
2022-05-01,2022,5,Kotak Mahindra Bank Apps,8.5,1885.0,1
2022-05-01,2022,5,MI Pay,0.2,33.9,1
2022-05-01,2022,5,MakeMyTrip,0.09,43.26,1
2022-05-01,2022,5,Mobikwik,2.46,397.7,1
2022-05-01,2022,5,NSDL Payments Bank Apps,0.02,2.39,1
2022-05-01,2022,5,Others,0.03,10.7,1
2022-05-01,2022,5,Paytm,887.45,108276.78,1
2022-05-01,2022,5,PhonePe,2778.75,511028.81,1
2022-05-01,2022,5,Punjab National Bank Apps,0.09,43.77,1
2022-05-01,2022,5,Punjab Sind Bank Apps,0.01,6.39,1
2022-05-01,2022,5,RBL Bank Apps,0.38,125.39,1
2022-05-01,2022,5,Samsung Pay,4.11,490.3,1
2022-05-01,2022,5,South Indian Bank Apps,0.14,49.73,1
2022-05-01,2022,5,Standard Chartered Bank Apps,0.13,70.48,1
2022-05-01,2022,5,State Bank of India Apps,4.18,2195.66,1
2022-05-01,2022,5,Tamilnad Mercantile Bank Apps,0.01,1.13,1
2022-05-01,2022,5,TataNeu,0.22,30.33,1
2022-05-01,2022,5,UCO Bank Apps,0.22,46.39,1
2022-05-01,2022,5,Ultracash,0.05,4.4,1
2022-05-01,2022,5,Union Bank Apps,0.45,211.85,1
2022-05-01,2022,5,Utkarsh Small Finance Bank Apps,0.01,4.43,1
2022-05-01,2022,5,WhatsApp Pay,3.48,294.98,1
2022-05-01,2022,5,Yes Bank Apps,39.69,11760.16,1
2022-05-01,2022,5,YuvaPay,0.04,88.95,1
2022-06-01,2022,6,AU Small Finance Bank Apps,0.38,120.24,1
2022-06-01,2022,6,Airtel Payments Bank Apps,6.38,506.2,1
2022-06-01,2022,6,Allahabad Bank Apps,0.02,6.79,1
2022-06-01,2022,6,Amazon Pay,68.4,6541.84,1
2022-06-01,2022,6,Axis Bank Apps,52.6,1268.38,1
2022-06-01,2022,6,BHIM,22.6,7527.98,1
2022-06-01,2022,6,Bajaj Finserv,1.16,85.49,1
2022-06-01,2022,6,Bajaj Markets,0.01,1.2,1
2022-06-01,2022,6,Bank of Baroda Apps,0.83,347.72,1
2022-06-01,2022,6,Bank of India Apps,0.13,41.82,1
2022-06-01,2022,6,Bank of Maharashtra Apps,0.06,15.77,1
2022-06-01,2022,6,CRED,13.4,17583.25,1
2022-06-01,2022,6,Canara Bank Apps,0.34,109.78,1
2022-06-01,2022,6,Central Bank of India Apps,0.15,54.06,1
2022-06-01,2022,6,Citi Bank Apps,0.13,63.54,1
2022-06-01,2022,6,City Union Bank Apps,0.03,8.72,1
2022-06-01,2022,6,Cointab,0.06,23.99,1
2022-06-01,2022,6,DBS Digibank Apps,0.46,171.69,1
2022-06-01,2022,6,Deutsche Bank Apps,1.51,99.12,1
2022-06-01,2022,6,Dhanlaxmi Bank Apps,0.01,2.7,1
2022-06-01,2022,6,Equitas Small Finance Bank Apps,0.01,3.87,1
2022-06-01,2022,6,Fave,0.12,6.94,1
2022-06-01,2022,6,Federal Bank Apps,3.55,494.21,1
2022-06-01,2022,6,Fino Payments bank Apps,0.05,3.17,1
2022-06-01,2022,6,Finshell Pay,0.1,5.3,1
2022-06-01,2022,6,GoIbibo,0.01,3.87,1
2022-06-01,2022,6,Google Pay,2025.89,355137.2,1
2022-06-01,2022,6,Groww,0.72,416.73,1
2022-06-01,2022,6,HDFC Bank Apps,8.24,2066.22,1
2022-06-01,2022,6,HSBC Bank Apps,0.11,61.39,1
2022-06-01,2022,6,ICICI Bank Apps,39.37,10202.14,1
2022-06-01,2022,6,IDBI Bank Apps,0.03,15.71,1
2022-06-01,2022,6,IDFC Bank Apps,7.03,663.65,1
2022-06-01,2022,6,India Post Payments Bank Apps,3.98,467.34,1
2022-06-01,2022,6,Indian Bank Apps,0.17,53.68,1
2022-06-01,2022,6,Indian Overseas Bank Apps,0.01,2.98,1
2022-06-01,2022,6,IndusInd Bank Apps,1.0,1645.13,1
2022-06-01,2022,6,Janata Sahakari Bank Apps,0.01,4.47,1
2022-06-01,2022,6,Jio Payments Bank Apps,1.87,116.34,1
2022-06-01,2022,6,Jupiter,1.89,223.22,1
2022-06-01,2022,6,Jupiter Edge (LivQuick PPI),0.13,8.72,1
2022-06-01,2022,6,Karnataka Bank Apps,0.32,43.13,1
2022-06-01,2022,6,Karur Vysya Bank Apps,0.04,15.91,1
2022-06-01,2022,6,Kotak Mahindra Bank Apps,8.33,1762.28,1
2022-06-01,2022,6,MI Pay,0.17,29.61,1
2022-06-01,2022,6,MakeMyTrip,0.11,51.45,1
2022-06-01,2022,6,Mobikwik,2.31,404.63,1
2022-06-01,2022,6,NSDL Payments Bank Apps,0.02,2.44,1
2022-06-01,2022,6,Others,0.02,6.34,1
2022-06-01,2022,6,Paytm,877.5,102119.9,1
2022-06-01,2022,6,PhonePe,2732.59,501474.48,1
2022-06-01,2022,6,Punjab National Bank Apps,0.08,40.68,1
2022-06-01,2022,6,Punjab Sind Bank Apps,0.01,5.93,1
2022-06-01,2022,6,RBL Bank Apps,0.42,123.89,1
2022-06-01,2022,6,Samsung Pay,4.07,468.23,1
2022-06-01,2022,6,South Indian Bank Apps,0.14,46.66,1
2022-06-01,2022,6,Standard Chartered Bank Apps,0.13,69.13,1
2022-06-01,2022,6,State Bank of India Apps,3.83,1947.1,1
2022-06-01,2022,6,TJSB Bank Apps,0.01,2.1,1
2022-06-01,2022,6,Tamilnad Mercantile Bank Apps,0.03,4.02,1
2022-06-01,2022,6,TataNeu,0.12,19.41,1
2022-06-01,2022,6,UCO Bank Apps,0.22,42.3,1
2022-06-01,2022,6,Ultracash,0.03,3.32,1
2022-06-01,2022,6,Union Bank Apps,0.45,199.8,1
2022-06-01,2022,6,Utkarsh Small Finance Bank Apps,0.01,3.47,1
2022-06-01,2022,6,WhatsApp Pay,23.04,429.06,1
2022-06-01,2022,6,Yes Bank Apps,44.03,11147.17,1
2022-06-01,2022,6,YuvaPay,0.03,58.31,1
2022-07-01,2022,7,AU Small Finance Bank Apps,0.42,131.49,1
2022-07-01,2022,7,Airtel Payments Bank Apps,7.41,555.26,1
2022-07-01,2022,7,Allahabad Bank Apps,0.03,6.95,1
2022-07-01,2022,7,Amazon Pay,68.77,6751.8,1
2022-07-01,2022,7,Axis Bank Apps,53.99,1213.95,1
2022-07-01,2022,7,BHIM,24.48,7823.95,1
2022-07-01,2022,7,Bajaj Finserv,1.95,128.52,1
2022-07-01,2022,7,Bajaj Markets,0.02,1.66,1
2022-07-01,2022,7,Bandhan Bank Apps,0.01,1.35,1
2022-07-01,2022,7,Bank of Baroda Apps,0.88,354.45,1
2022-07-01,2022,7,Bank of India Apps,0.15,46.44,1
2022-07-01,2022,7,Bank of Maharashtra Apps,0.06,16.47,1
2022-07-01,2022,7,CRED,14.89,19716.43,1
2022-07-01,2022,7,Canara Bank Apps,0.47,128.79,1
2022-07-01,2022,7,Central Bank of India Apps,0.22,58.37,1
2022-07-01,2022,7,Citi Bank Apps,0.11,63.66,1
2022-07-01,2022,7,City Union Bank Apps,0.03,10.19,1
2022-07-01,2022,7,Cointab,0.07,27.3,1
2022-07-01,2022,7,DBS Digibank Apps,0.47,179.27,1
2022-07-01,2022,7,Deutsche Bank Apps,1.87,116.01,1
2022-07-01,2022,7,Dhanlaxmi Bank Apps,0.01,2.86,1
2022-07-01,2022,7,Equitas Small Finance Bank Apps,0.01,4.89,1
2022-07-01,2022,7,Fave,0.16,11.06,1
2022-07-01,2022,7,Federal Bank Apps,3.85,539.55,1
2022-07-01,2022,7,Fino Payments Bank Apps,0.06,4.26,1
2022-07-01,2022,7,GoIbibo,0.01,5.1,1
2022-07-01,2022,7,Google Pay,2130.63,366669.09,1
2022-07-01,2022,7,Groww,0.49,290.31,1
2022-07-01,2022,7,HDFC Bank Apps,9.38,2341.28,1
2022-07-01,2022,7,HSBC Bank Apps,0.11,68.47,1
2022-07-01,2022,7,ICICI Bank Apps,37.34,11509.29,1
2022-07-01,2022,7,IDBI Bank Apps,0.03,16.42,1
2022-07-01,2022,7,IDFC Bank Apps,8.28,645.34,1
2022-07-01,2022,7,India Post Payments Bank Apps,4.08,480.59,1
2022-07-01,2022,7,Indian Bank Apps,0.21,71.39,1
2022-07-01,2022,7,Indian Overseas Bank Apps,0.01,3.74,1
2022-07-01,2022,7,IndusInd Bank Apps,0.99,1652.26,1
2022-07-01,2022,7,Janata Sahakari Bank Apps,0.01,4.15,1
2022-07-01,2022,7,Jio Payments Bank Apps,1.9,116.59,1
2022-07-01,2022,7,Jupiter,2.1,254.14,1
2022-07-01,2022,7,Karnataka Bank Apps,0.35,48.01,1
2022-07-01,2022,7,Karur Vysya Bank Apps,0.04,15.66,1
2022-07-01,2022,7,Kotak Mahindra Bank Apps,8.86,1816.33,1
2022-07-01,2022,7,MI Pay,0.16,26.98,1
2022-07-01,2022,7,MakeMyTrip,0.13,58.19,1
2022-07-01,2022,7,Mobikwik,2.48,462.17,1
2022-07-01,2022,7,NSDL Payments Bank Apps,0.02,3.5,1
2022-07-01,2022,7,Others,0.02,5.15,1
2022-07-01,2022,7,Paytm,933.88,111149.66,1
2022-07-01,2022,7,PhonePe,2993.83,524742.49,1
2022-07-01,2022,7,Punjab National Bank Apps,0.07,35.7,1
2022-07-01,2022,7,Punjab Sind Bank Apps,0.01,4.03,1
2022-07-01,2022,7,RBL Bank Apps,0.54,121.17,1
2022-07-01,2022,7,Samsung Pay,4.05,472.39,1
2022-07-01,2022,7,South Indian Bank Apps,0.15,46.97,1
2022-07-01,2022,7,Standard Chartered Bank Apps,0.14,74.11,1
2022-07-01,2022,7,State Bank of India Apps,4.15,2013.47,1
2022-07-01,2022,7,TJSB Bank Apps,0.01,2.26,1
2022-07-01,2022,7,Tamilnad Mercantile Bank Apps,0.05,6.78,1
2022-07-01,2022,7,TataNeu,0.11,17.26,1
2022-07-01,2022,7,UCO Bank Apps,0.22,46.83,1
2022-07-01,2022,7,Ultracash,0.03,2.08,1
2022-07-01,2022,7,Union Bank Apps,0.49,208.03,1
2022-07-01,2022,7,Utkarsh Small Finance Bank Apps,0.02,4.55,1
2022-07-01,2022,7,WhatsApp Pay,6.18,502.0,1
2022-07-01,2022,7,Yes Bank Apps,60.8,15236.04,1
2022-07-01,2022,7,YuvaPay,0.01,21.38,1
2022-08-01,2022,8,AU Small Finance Bank Apps,0.45,138.7,1
2022-08-01,2022,8,Airtel Payments Bank Apps,7.96,608.5,1
2022-08-01,2022,8,Allahabad Bank Apps,0.03,7.7,1
2022-08-01,2022,8,Amazon Pay,62.43,6353.15,1
2022-08-01,2022,8,Axis Bank Apps,58.11,1357.89,1
2022-08-01,2022,8,BHIM,24.99,7860.48,1
2022-08-01,2022,8,Bajaj Finserv,2.45,178.59,1
2022-08-01,2022,8,Bajaj Markets,0.02,1.58,1
2022-08-01,2022,8,Bandhan Bank Apps,0.01,1.25,1
2022-08-01,2022,8,Bank of Baroda Apps,0.99,383.43,1
2022-08-01,2022,8,Bank of India Apps,0.17,54.81,1
2022-08-01,2022,8,Bank of Maharashtra Apps,0.07,17.19,1
2022-08-01,2022,8,CRED,14.81,19084.3,1
2022-08-01,2022,8,Canara Bank Apps,0.67,176.37,1
2022-08-01,2022,8,Central Bank of India Apps,0.24,64.59,1
2022-08-01,2022,8,Citi Bank Apps,0.11,63.08,1
2022-08-01,2022,8,City Union Bank Apps,0.04,11.45,1
2022-08-01,2022,8,Cointab,0.06,24.98,1
2022-08-01,2022,8,DBS Digibank Apps,0.48,178.76,1
2022-08-01,2022,8,Deutsche Bank Apps,1.98,119.21,1
2022-08-01,2022,8,Dhanlaxmi Bank Apps,0.01,3.1,1
2022-08-01,2022,8,Equitas Small Finance Bank Apps,0.01,4.94,1
2022-08-01,2022,8,Fave,0.14,7.71,1
2022-08-01,2022,8,Federal Bank Apps,3.8,520.2,1
2022-08-01,2022,8,Fino Payments bank Apps,0.08,5.05,1
2022-08-01,2022,8,GoIbibo,0.01,4.82,1
2022-08-01,2022,8,Google Pay,2212.73,371081.16,1
2022-08-01,2022,8,Groww,0.8,490.93,1
2022-08-01,2022,8,HDFC Bank Apps,9.83,2415.47,1
2022-08-01,2022,8,HSBC Bank Apps,0.11,66.14,1
2022-08-01,2022,8,ICICI Bank Apps,45.59,10725.25,1
2022-08-01,2022,8,IDBI Bank Apps,0.04,20.31,1
2022-08-01,2022,8,IDFC Bank Apps,10.19,762.41,1
2022-08-01,2022,8,India Post Payments Bank Apps,4.3,504.41,1
2022-08-01,2022,8,Indian Bank Apps,0.22,63.33,1
2022-08-01,2022,8,Indian Overseas Bank Apps,0.01,4.66,1
2022-08-01,2022,8,IndusInd Bank Apps,1.01,1605.56,1
2022-08-01,2022,8,Janata Sahakari Bank Apps,0.01,4.56,1
2022-08-01,2022,8,Jio Payments Bank Apps,1.85,113.28,1
2022-08-01,2022,8,Jupiter,2.03,249.2,1
2022-08-01,2022,8,Karnataka Bank Apps,0.38,55.32,1
2022-08-01,2022,8,Karur Vysya Bank Apps,0.04,16.54,1
2022-08-01,2022,8,Kotak Mahindra Bank Apps,9.28,1939.14,1
2022-08-01,2022,8,MI Pay,0.15,24.8,1
2022-08-01,2022,8,MakeMyTrip,0.15,62.67,1
2022-08-01,2022,8,Mobikwik,2.84,562.95,1
2022-08-01,2022,8,NSDL Payments Bank Apps,0.02,2.85,1
2022-08-01,2022,8,Others,0.01,5.72,1
2022-08-01,2022,8,Paytm,986.39,114217.1,1
2022-08-01,2022,8,PhonePe,3146.71,528433.49,1
2022-08-01,2022,8,Punjab National Bank Apps,0.09,43.41,1
2022-08-01,2022,8,Punjab Sind Bank Apps,0.01,5.25,1
2022-08-01,2022,8,RBL Bank Apps,0.82,163.02,1
2022-08-01,2022,8,Samsung Pay,4.09,468.37,1
2022-08-01,2022,8,South Indian Bank Apps,0.16,52.73,1
2022-08-01,2022,8,Standard Chartered Bank Apps,0.14,73.6,1
2022-08-01,2022,8,State Bank of India Apps,4.1,1926.51,1
2022-08-01,2022,8,TJSB Bank Apps,0.01,2.2,1
2022-08-01,2022,8,Tamilnad Mercantile Bank Apps,0.06,7.94,1
2022-08-01,2022,8,TataNeu,0.1,15.78,1
2022-08-01,2022,8,UCO Bank Apps,0.25,65.69,1
2022-08-01,2022,8,Ultracash,0.02,1.54,1
2022-08-01,2022,8,Union Bank Apps,0.52,215.23,1
2022-08-01,2022,8,Utkarsh Small Finance Bank Apps,0.02,4.71,1
2022-08-01,2022,8,WhatsApp Pay,6.72,567.17,1
2022-08-01,2022,8,Yes Bank Apps,57.8,16234.92,1
2022-09-01,2022,9,AU Small Finance Bank Apps,0.48,148.9,1
2022-09-01,2022,9,Airtel Payments Bank Apps,9.15,680.89,1
2022-09-01,2022,9,Allahabad Bank Apps,0.03,8.1,1
2022-09-01,2022,9,Amazon Pay,57.38,6015.31,1
2022-09-01,2022,9,Axis Bank Apps,57.72,1469.07,1
2022-09-01,2022,9,BHIM,25.17,8308.65,1
2022-09-01,2022,9,Bajaj Finserv,3.29,234.81,1
2022-09-01,2022,9,Bajaj Markets,0.01,1.38,1
2022-09-01,2022,9,Bandhan Bank Apps,0.01,1.88,1
2022-09-01,2022,9,Bank of Baroda Apps,1.11,443.85,1
2022-09-01,2022,9,Bank of India Apps,0.18,54.59,1
2022-09-01,2022,9,Bank of Maharashtra Apps,0.07,17.23,1
2022-09-01,2022,9,CRED,14.96,19237.92,1
2022-09-01,2022,9,Canara Bank Apps,0.78,207.18,1
2022-09-01,2022,9,Central Bank of India Apps,0.28,68.38,1
2022-09-01,2022,9,Citi Bank Apps,0.1,67.0,1
2022-09-01,2022,9,City Union Bank Apps,0.04,12.45,1
2022-09-01,2022,9,Cointab,0.04,19.35,1
2022-09-01,2022,9,DBS Digibank Apps,0.43,176.91,1
2022-09-01,2022,9,Deutsche Bank Apps,1.58,98.43,1
2022-09-01,2022,9,Dhanlaxmi Bank Apps,0.01,2.87,1
2022-09-01,2022,9,Equitas Small Finance Bank Apps,0.02,8.76,1
2022-09-01,2022,9,Fave,0.08,4.4,1
2022-09-01,2022,9,Federal Bank Apps,3.84,549.95,1
2022-09-01,2022,9,Fino Payments bank Apps,0.08,5.66,1
2022-09-01,2022,9,GoIbibo,0.01,3.58,1
2022-09-01,2022,9,Google Pay,2296.14,387996.14,1
2022-09-01,2022,9,Groww,0.11,68.03,1
2022-09-01,2022,9,HDFC Bank Apps,10.98,2686.1,1
2022-09-01,2022,9,HSBC Bank Apps,0.12,70.56,1
2022-09-01,2022,9,ICICI Bank Apps,34.84,10401.81,1
2022-09-01,2022,9,IDBI Bank Apps,0.05,24.18,1
2022-09-01,2022,9,IDFC Bank Apps,11.53,824.52,1
2022-09-01,2022,9,India Post Payments Bank Apps,5.22,572.75,1
2022-09-01,2022,9,Indian Bank Apps,0.21,65.58,1
2022-09-01,2022,9,Indian Overseas Bank Apps,0.02,4.79,1
2022-09-01,2022,9,IndusInd Bank Apps,1.04,1439.51,1
2022-09-01,2022,9,Janata Sahakari Bank Apps,0.01,4.42,1
2022-09-01,2022,9,Jio Payments Bank Apps,1.4,90.36,1
2022-09-01,2022,9,Jupiter,2.09,259.71,1
2022-09-01,2022,9,Karnataka Bank Apps,0.4,63.84,1
2022-09-01,2022,9,Karur Vysya Bank Apps,0.04,16.74,1
2022-09-01,2022,9,Kotak Mahindra Bank Apps,10.52,2230.61,1
2022-09-01,2022,9,MI Pay,0.03,3.87,1
2022-09-01,2022,9,MakeMyTrip,0.1,47.83,1
2022-09-01,2022,9,Mobikwik,3.04,632.71,1
2022-09-01,2022,9,NSDL Payments Bank Apps,0.02,2.79,1
2022-09-01,2022,9,Others,0.01,4.85,1
2022-09-01,2022,9,Paytm,1037.2,120805.34,1
2022-09-01,2022,9,PhonePe,3216.78,549583.77,1
2022-09-01,2022,9,Punjab National Bank Apps,0.13,59.01,1
2022-09-01,2022,9,Punjab Sind Bank Apps,0.02,6.88,1
2022-09-01,2022,9,RBL Bank Apps,0.99,200.91,1
2022-09-01,2022,9,Samsung Pay,4.55,495.89,1
2022-09-01,2022,9,South Indian Bank Apps,0.17,56.54,1
2022-09-01,2022,9,Standard Chartered Bank Apps,0.14,78.5,1
2022-09-01,2022,9,State Bank of India Apps,3.57,1818.89,1
2022-09-01,2022,9,TJSB Bank Apps,0.01,2.06,1
2022-09-01,2022,9,Tamilnad Mercantile Bank Apps,0.06,9.21,1
2022-09-01,2022,9,TataNeu,0.13,17.23,1
2022-09-01,2022,9,UCO Bank Apps,0.26,75.02,1
2022-09-01,2022,9,Ultracash,0.01,0.7,1
2022-09-01,2022,9,Union Bank Apps,0.55,237.54,1
2022-09-01,2022,9,Utkarsh Small Finance Bank Apps,0.02,5.59,1
2022-09-01,2022,9,WhatsApp Pay,7.43,631.63,1
2022-09-01,2022,9,Yes Bank Apps,63.1,16137.8,1
2022-10-01,2022,10,AU Small Finance Bank Apps,0.54,161.99,1
2022-10-01,2022,10,Airtel Payments Bank Apps,9.44,775.19,1
2022-10-01,2022,10,Allahabad Bank Apps,0.03,9.33,1
2022-10-01,2022,10,Amazon Pay,56.42,6060.5,1
2022-10-01,2022,10,Axis Bank Apps,59.99,1555.84,1
2022-10-01,2022,10,BHIM,25.49,8523.17,1
2022-10-01,2022,10,Bajaj Finserv,4.12,472.71,1
2022-10-01,2022,10,Bank of Baroda Apps,1.23,466.23,1
2022-10-01,2022,10,Bank of India Apps,0.2,59.97,1
2022-10-01,2022,10,Bank of Maharashtra Apps,0.07,20.1,1
2022-10-01,2022,10,CRED,21.28,20259.7,1
2022-10-01,2022,10,Canara Bank Apps,0.81,219.07,1
2022-10-01,2022,10,Central Bank of India Apps,0.3,71.66,1
2022-10-01,2022,10,Citi Bank Apps,0.09,66.83,1
2022-10-01,2022,10,City Union Bank Apps,0.04,12.85,1
2022-10-01,2022,10,Cointab,0.03,11.67,1
2022-10-01,2022,10,DBS Digibank Apps,0.43,179.26,1
2022-10-01,2022,10,Deutsche Bank Apps,1.26,111.93,1
2022-10-01,2022,10,Dhanlaxmi Bank Apps,0.01,3.21,1
2022-10-01,2022,10,Equitas Small Finance Bank Apps,0.02,8.28,1
2022-10-01,2022,10,Fampay PPI,4.06,56.79,1
2022-10-01,2022,10,Fave,0.04,2.53,1
2022-10-01,2022,10,Federal Bank Apps,4.19,574.92,1
2022-10-01,2022,10,Fino Payments bank Apps,0.09,6.46,1
2022-10-01,2022,10,GoIbibo,0.01,1.84,1
2022-10-01,2022,10,Google Pay,2496.42,420978.38,1
2022-10-01,2022,10,HDFC Bank Apps,11.96,2997.29,1
2022-10-01,2022,10,HSBC Bank Apps,0.14,77.8,1
2022-10-01,2022,10,ICICI Bank Apps,41.61,14529.52,1
2022-10-01,2022,10,IDBI Bank Apps,0.06,25.92,1
2022-10-01,2022,10,IDFC Bank Apps,9.98,888.45,1
2022-10-01,2022,10,India Post Payments Bank Apps,4.7,630.43,1
2022-10-01,2022,10,Indian Bank Apps,0.23,68.97,1
2022-10-01,2022,10,Indian Overseas Bank Apps,0.01,4.72,1
2022-10-01,2022,10,IndusInd Bank Apps,1.15,1516.68,1
2022-10-01,2022,10,Janata Sahakari Bank Apps,0.01,4.8,1
2022-10-01,2022,10,Jio Payments Bank Apps,1.38,98.87,1
2022-10-01,2022,10,Jupiter,2.18,280.43,1
2022-10-01,2022,10,Karnataka Bank Apps,0.43,76.62,1
2022-10-01,2022,10,Karur Vysya Bank Apps,0.04,17.62,1
2022-10-01,2022,10,Kotak Mahindra Bank Apps,11.46,2426.65,1
2022-10-01,2022,10,MakeMyTrip,0.07,31.85,1
2022-10-01,2022,10,Mobikwik,3.28,708.12,1
2022-10-01,2022,10,NSDL Payments Bank Apps,0.02,3.13,1
2022-10-01,2022,10,Others,0.02,5.87,1
2022-10-01,2022,10,Paytm,1109.6,133620.54,1
2022-10-01,2022,10,PhonePe,3452.87,593759.02,1
2022-10-01,2022,10,Punjab National Bank Apps,0.15,62.77,1
2022-10-01,2022,10,Punjab Sind Bank Apps,0.02,8.05,1
2022-10-01,2022,10,RBL Bank Apps,1.08,245.16,1
2022-10-01,2022,10,Samsung Pay,5.09,554.33,1
2022-10-01,2022,10,South Indian Bank Apps,0.19,58.2,1
2022-10-01,2022,10,Standard Chartered Bank Apps,0.22,88.92,1
2022-10-01,2022,10,State Bank of India Apps,4.1,1936.72,1
2022-10-01,2022,10,TJSB Bank Apps,0.01,1.86,1
2022-10-01,2022,10,Tamilnad Mercantile Bank Apps,0.06,9.81,1
2022-10-01,2022,10,TataNeu,0.14,18.3,1
2022-10-01,2022,10,UCO Bank Apps,0.28,80.38,1
2022-10-01,2022,10,Ultracash,0.02,0.24,1
2022-10-01,2022,10,Union Bank Apps,0.82,290.75,1
2022-10-01,2022,10,Utkarsh Small Finance Bank Apps,0.02,6.31,1
2022-10-01,2022,10,WhatsApp Pay,8.38,708.56,1
2022-10-01,2022,10,Yes Bank Apps,55.94,16070.88,1
2022-11-01,2022,11,AU Small Finance Bank Apps,0.53,160.3,1
2022-11-01,2022,11,Airtel Payments Bank Apps,8.73,671.09,1
2022-11-01,2022,11,Allahabad Bank Apps,0.03,8.98,1
2022-11-01,2022,11,Amazon Pay,59.76,5873.36,1
2022-11-01,2022,11,Andhra Bank Apps,0.01,1.53,1
2022-11-01,2022,11,Axis Bank Apps,77.77,1121.24,1
2022-11-01,2022,11,BHIM,25.01,8144.83,1
2022-11-01,2022,11,Bajaj Finserv,3.9,464.41,1
2022-11-01,2022,11,Bandhan Bank Apps,0.01,1.21,1
2022-11-01,2022,11,Bank of Baroda Apps,1.26,455.8,1
2022-11-01,2022,11,Bank of India Apps,0.2,57.87,1
2022-11-01,2022,11,Bank of Maharashtra Apps,0.07,18.29,1
2022-11-01,2022,11,CRED,25.63,18599.72,1
2022-11-01,2022,11,Canara Bank Apps,0.86,232.51,1
2022-11-01,2022,11,Central Bank of India Apps,0.27,63.31,1
2022-11-01,2022,11,Citi Bank Apps,0.13,60.76,1
2022-11-01,2022,11,City Union Bank Apps,0.04,12.58,1
2022-11-01,2022,11,Cointab,0.03,13.87,1
2022-11-01,2022,11,DBS Digibank Apps,0.41,169.55,1
2022-11-01,2022,11,Deutsche Bank Apps,1.3,104.21,1
2022-11-01,2022,11,Dhanlaxmi Bank Apps,0.01,2.75,1
2022-11-01,2022,11,Equitas Small Finance Bank Apps,0.02,9.82,1
2022-11-01,2022,11,Fampay PPI,4.88,64.75,1
2022-11-01,2022,11,Fave,0.05,2.83,1
2022-11-01,2022,11,Federal Bank Apps,4.11,553.97,1
2022-11-01,2022,11,Fino Payments bank Apps,0.1,6.61,1
2022-11-01,2022,11,Google Pay,2541.14,409714.75,1
2022-11-01,2022,11,Groww,0.05,36.46,1
2022-11-01,2022,11,HDFC Bank Apps,10.66,2758.45,1
2022-11-01,2022,11,HSBC Bank Apps,0.12,72.58,1
2022-11-01,2022,11,ICICI Bank Apps,44.07,14750.8,1
2022-11-01,2022,11,IDBI Bank Apps,0.06,24.78,1
2022-11-01,2022,11,IDFC Bank Apps,10.47,903.37,1
2022-11-01,2022,11,India Post Payments Bank Apps,4.66,589.14,1
2022-11-01,2022,11,Indian Bank Apps,0.23,67.2,1
2022-11-01,2022,11,Indian Overseas Bank Apps,0.01,2.48,1
2022-11-01,2022,11,IndusInd Bank Apps,1.2,1224.13,1
2022-11-01,2022,11,Janata Sahakari Bank Apps,0.01,3.99,1
2022-11-01,2022,11,Jio Payments Bank Apps,1.31,96.23,1
2022-11-01,2022,11,Jupiter,2.16,275.52,1
2022-11-01,2022,11,Karnataka Bank Apps,0.4,74.82,1
2022-11-01,2022,11,Karur Vysya Bank Apps,0.04,16.23,1
2022-11-01,2022,11,Kotak Mahindra Bank Apps,10.93,2304.9,1
2022-11-01,2022,11,MakeMyTrip,0.02,7.69,1
2022-11-01,2022,11,Mobikwik,3.46,762.67,1
2022-11-01,2022,11,NSDL Payments Bank Apps,0.02,2.7,1
2022-11-01,2022,11,Others,0.02,4.07,1
2022-11-01,2022,11,Paytm,1081.47,128805.91,1
2022-11-01,2022,11,PhonePe,3418.75,591327.61,1
2022-11-01,2022,11,Punjab National Bank Apps,0.16,60.47,1
2022-11-01,2022,11,Punjab Sind Bank Apps,0.03,8.97,1
2022-11-01,2022,11,RBL Bank Apps,1.18,270.81,1
2022-11-01,2022,11,Samsung Pay,5.07,506.82,1
2022-11-01,2022,11,Slash,0.01,0.28,1
2022-11-01,2022,11,South Indian Bank Apps,0.2,58.1,1
2022-11-01,2022,11,Standard Chartered Bank Apps,0.55,92.57,1
2022-11-01,2022,11,State Bank of India Apps,4.07,1876.46,1
2022-11-01,2022,11,TJSB Bank Apps,0.01,2.25,1
2022-11-01,2022,11,Tamilnad Mercantile Bank Apps,0.07,10.48,1
2022-11-01,2022,11,TataNeu,0.14,17.17,1
2022-11-01,2022,11,UCO Bank Apps,0.26,78.38,1
2022-11-01,2022,11,Ultracash,0.02,0.27,1
2022-11-01,2022,11,Union Bank Apps,1.11,313.3,1
2022-11-01,2022,11,Utkarsh Small Finance Bank Apps,0.02,7.1,1
2022-11-01,2022,11,WhatsApp Pay,9.25,769.29,1
2022-11-01,2022,11,Yes Bank Apps,43.58,14902.42,1
2022-11-01,2022,11,slice,0.51,206.66,1
2022-12-01,2022,12,AU Small Finance Bank Apps,0.58,177.47,1
2022-12-01,2022,12,Airtel Payments Bank Apps,8.7,681.67,1
2022-12-01,2022,12,Allahabad Bank Apps,0.03,9.75,1
2022-12-01,2022,12,Amazon Pay,69.61,6621.66,1
2022-12-01,2022,12,Axis Bank Apps,65.56,1305.09,1
2022-12-01,2022,12,BHIM,25.5,8400.04,1
2022-12-01,2022,12,Bajaj Finserv,4.56,647.71,1
2022-12-01,2022,12,Bandhan Bank Apps,0.01,1.53,1
2022-12-01,2022,12,Bank of Baroda Apps,1.02,397.56,1
2022-12-01,2022,12,Bank of India Apps,0.22,64.32,1
2022-12-01,2022,12,Bank of Maharashtra Apps,0.08,19.91,1
2022-12-01,2022,12,CRED,31.42,19622.29,1
2022-12-01,2022,12,Canara Bank Apps,1.02,275.7,1
2022-12-01,2022,12,Central Bank of India Apps,0.26,60.32,1
2022-12-01,2022,12,Citi Bank Apps,0.09,68.38,1
2022-12-01,2022,12,City Union Bank Apps,0.05,14.38,1
2022-12-01,2022,12,Cointab,0.05,18.98,1
2022-12-01,2022,12,DBS Digibank Apps,0.41,171.59,1
2022-12-01,2022,12,Deutsche Bank Apps,1.28,104.49,1
2022-12-01,2022,12,Dhanlaxmi Bank Apps,0.01,3.16,1
2022-12-01,2022,12,Equitas Small Finance Bank Apps,0.02,11.69,1
2022-12-01,2022,12,Fampay PPI,9.7,127.19,1
2022-12-01,2022,12,Fave,0.08,5.01,1
2022-12-01,2022,12,Federal Bank Apps,4.57,595.18,1
2022-12-01,2022,12,Fino Payments bank Apps,0.11,7.49,1
2022-12-01,2022,12,Google Pay,2712.34,440370.99,1
2022-12-01,2022,12,Groww,0.21,153.02,1
2022-12-01,2022,12,HDFC Bank Apps,11.81,3143.24,1
2022-12-01,2022,12,HSBC Bank Apps,0.15,78.63,1
2022-12-01,2022,12,ICICI Bank Apps,48.29,16125.15,1
2022-12-01,2022,12,IDBI Bank Apps,0.07,29.5,1
2022-12-01,2022,12,IDFC Bank Apps,9.7,1322.98,1
2022-12-01,2022,12,India Post Payments Bank Apps,5.55,682.59,1
2022-12-01,2022,12,Indian Bank Apps,0.25,73.71,1
2022-12-01,2022,12,Indian Overseas Bank Apps,0.01,2.9,1
2022-12-01,2022,12,IndusInd Bank Apps,1.26,1062.4,1
2022-12-01,2022,12,Janata Sahakari Bank Apps,0.01,4.58,1
2022-12-01,2022,12,Jio Payments Bank Apps,1.48,104.71,1
2022-12-01,2022,12,Jupiter,2.53,318.03,1
2022-12-01,2022,12,Karnataka Bank Apps,0.48,91.09,1
2022-12-01,2022,12,Karur Vysya Bank Apps,0.04,14.87,1
2022-12-01,2022,12,Kotak Mahindra Bank Apps,11.53,2480.18,1
2022-12-01,2022,12,MakeMyTrip,0.1,52.3,1
2022-12-01,2022,12,Mobikwik,3.62,806.82,1
2022-12-01,2022,12,NSDL Payments Bank Apps,0.02,2.95,1
2022-12-01,2022,12,Others,0.03,7.64,1
2022-12-01,2022,12,Paytm,1170.34,138821.66,1
2022-12-01,2022,12,PhonePe,3674.24,639348.78,1
2022-12-01,2022,12,Punjab National Bank Apps,0.22,76.7,1
2022-12-01,2022,12,Punjab Sind Bank Apps,0.03,10.48,1
2022-12-01,2022,12,RBL Bank Apps,1.1,215.3,1
2022-12-01,2022,12,Samsung Pay,5.49,531.12,1
2022-12-01,2022,12,Slash,0.01,0.79,1
2022-12-01,2022,12,Slice,0.15,15.74,1
2022-12-01,2022,12,South Indian Bank Apps,0.18,53.2,1
2022-12-01,2022,12,Standard Chartered Bank Apps,0.16,90.42,1
2022-12-01,2022,12,State Bank of India Apps,4.22,1928.43,1
2022-12-01,2022,12,Tamilnad Mercantile Bank Apps,0.08,12.13,1
2022-12-01,2022,12,TataNeu,0.15,17.64,1
2022-12-01,2022,12,UCO Bank Apps,0.31,93.32,1
2022-12-01,2022,12,Ultracash,0.03,1.65,1
2022-12-01,2022,12,Union Bank Apps,0.92,310.63,1
2022-12-01,2022,12,Utkarsh Small Finance Bank Apps,0.02,7.81,1
2022-12-01,2022,12,WhatsApp Pay,11.05,917.49,1
2022-12-01,2022,12,Yes Bank Apps,36.16,13415.46,1
2023-01-01,2023,1,AU Small Finance Bank Apps,0.58,181.45,1
2023-01-01,2023,1,Airtel Payments Bank Apps,9.77,834.63,1
2023-01-01,2023,1,Allahabad Bank Apps,0.03,9.17,1
2023-01-01,2023,1,Amazon Pay,57.75,5797.03,1
2023-01-01,2023,1,Axis Bank Apps,56.28,1467.64,1
2023-01-01,2023,1,BHIM,24.96,8164.65,1
2023-01-01,2023,1,Bajaj Finserv,5.01,812.4,1
2023-01-01,2023,1,Bajaj Markets,0.01,0.5,1
2023-01-01,2023,1,Bandhan Bank Apps,0.01,1.47,1
2023-01-01,2023,1,Bank of Baroda Apps,1.1,423.46,1
2023-01-01,2023,1,Bank of India Apps,0.24,70.34,1
2023-01-01,2023,1,Bank of Maharashtra Apps,0.08,20.39,1
2023-01-01,2023,1,CRED,35.18,19106.82,1
2023-01-01,2023,1,Canara Bank Apps,1.08,289.29,1
2023-01-01,2023,1,Central Bank of India Apps,0.31,68.68,1
2023-01-01,2023,1,Citi Bank Apps,0.12,71.81,1
2023-01-01,2023,1,City Union Bank Apps,0.05,15.51,1
2023-01-01,2023,1,Cointab,0.05,21.16,1
2023-01-01,2023,1,DBS Digibank Apps,0.41,174.02,1
2023-01-01,2023,1,Deutsche Bank Apps,1.31,150.29,1
2023-01-01,2023,1,Dhanlaxmi Bank Apps,0.01,2.76,1
2023-01-01,2023,1,Equitas Small Finance Bank Apps,0.02,13.02,1
2023-01-01,2023,1,Eroute,0.08,2.29,1
2023-01-01,2023,1,Fampay PPI,12.8,175.64,1
2023-01-01,2023,1,Fave,0.11,7.87,1
2023-01-01,2023,1,Federal Bank Apps,4.72,604.61,1
2023-01-01,2023,1,Fino Payments bank Apps,0.11,7.51,1
2023-01-01,2023,1,GoIbibo,0.01,1.6,1
2023-01-01,2023,1,Google Pay,2782.42,443725.01,1
2023-01-01,2023,1,Groww,0.19,152.17,1
2023-01-01,2023,1,HDFC Bank Apps,12.3,3324.81,1
2023-01-01,2023,1,HSBC Bank Apps,0.13,75.58,1
2023-01-01,2023,1,ICICI Bank Apps,45.14,17088.16,1
2023-01-01,2023,1,IDBI Bank Apps,0.07,30.81,1
2023-01-01,2023,1,IDFC Bank Apps,11.47,2222.2,1
2023-01-01,2023,1,India Post Payments Bank Apps,5.43,707.37,1
2023-01-01,2023,1,Indian Bank Apps,0.26,73.38,1
2023-01-01,2023,1,Indian Overseas Bank Apps,0.01,2.31,1
2023-01-01,2023,1,IndusInd Bank Apps,0.84,962.09,1
2023-01-01,2023,1,Janata Sahakari Bank Apps,0.01,3.98,1
2023-01-01,2023,1,Jio Payments Bank Apps,1.59,108.84,1
2023-01-01,2023,1,Jupiter,2.49,323.88,1
2023-01-01,2023,1,Karnataka Bank Apps,0.4,85.81,1
2023-01-01,2023,1,Karur Vysya Bank Apps,0.04,15.27,1
2023-01-01,2023,1,Kotak Mahindra Bank Apps,12.14,2612.6,1
2023-01-01,2023,1,MakeMyTrip,0.08,35.59,1
2023-01-01,2023,1,Mobikwik,3.49,785.48,1
2023-01-01,2023,1,NSDL Payments Bank Apps,0.02,3.0,1
2023-01-01,2023,1,Others,0.02,5.57,1
2023-01-01,2023,1,Paytm,1190.89,139673.0,1
2023-01-01,2023,1,PhonePe,3802.67,651108.51,1
2023-01-01,2023,1,Punjab National Bank Apps,0.25,82.15,1
2023-01-01,2023,1,Punjab Sind Bank Apps,0.04,13.08,1
2023-01-01,2023,1,RBL Bank Apps,1.32,242.88,1
2023-01-01,2023,1,Samsung Pay,5.52,523.73,1
2023-01-01,2023,1,Slash,0.01,0.68,1
2023-01-01,2023,1,South Indian Bank Apps,0.19,56.75,1
2023-01-01,2023,1,Standard Chartered Bank Apps,0.15,85.16,1
2023-01-01,2023,1,State Bank of India Apps,4.06,1901.92,1
2023-01-01,2023,1,Tamilnad Mercantile Bank Apps,0.07,11.67,1
2023-01-01,2023,1,TataNeu,0.11,14.79,1
2023-01-01,2023,1,Transerv,0.01,0.71,1
2023-01-01,2023,1,UCO Bank Apps,0.32,101.06,1
2023-01-01,2023,1,Ultracash,0.04,2.25,1
2023-01-01,2023,1,Union Bank Apps,0.8,303.93,1
2023-01-01,2023,1,Utkarsh Small Finance Bank Apps,0.02,8.35,1
2023-01-01,2023,1,WhatsApp Pay,11.47,963.12,1
2023-01-01,2023,1,Yes Bank Apps,33.96,12116.61,1
2023-01-01,2023,1,slice,0.22,45.82,1
2023-02-01,2023,2,AU Small Finance Bank Apps,0.55,165.07,1
2023-02-01,2023,2,Airtel Payments Bank Apps,8.71,730.45,1
2023-02-01,2023,2,Allahabad Bank Apps,0.03,8.47,1
2023-02-01,2023,2,Amazon Pay,47.8,4981.82,1
2023-02-01,2023,2,Axis Bank Apps,51.95,1413.95,1
2023-02-01,2023,2,BHIM,23.21,7158.37,1
2023-02-01,2023,2,Bajaj Finserv,5.45,886.18,1
2023-02-01,2023,2,Bandhan Bank Apps,0.01,1.71,1
2023-02-01,2023,2,Bank of Baroda Apps,1.14,409.33,1
2023-02-01,2023,2,Bank of India Apps,0.24,68.69,1
2023-02-01,2023,2,Bank of Maharashtra Apps,0.07,19.02,1
2023-02-01,2023,2,CRED,36.57,17902.2,1
2023-02-01,2023,2,Canara Bank Apps,1.09,284.23,1
2023-02-01,2023,2,Central Bank of India Apps,0.32,72.15,1
2023-02-01,2023,2,Citi Bank Apps,0.08,59.37,1
2023-02-01,2023,2,City Union Bank Apps,0.06,15.94,1
2023-02-01,2023,2,Cointab,0.04,16.4,1
2023-02-01,2023,2,DBS Digibank Apps,0.39,161.51,1
2023-02-01,2023,2,Deutsche Bank Apps,1.32,118.35,1
2023-02-01,2023,2,Dhanlaxmi Bank Apps,0.01,2.67,1
2023-02-01,2023,2,EROUTE,0.17,6.08,1
2023-02-01,2023,2,Equitas Small Finance Bank Apps,0.02,11.41,1
2023-02-01,2023,2,FamPay PPI,1.6,21.73,1
2023-02-01,2023,2,Fave,0.11,7.08,1
2023-02-01,2023,2,Federal Bank Apps,4.76,590.97,1
2023-02-01,2023,2,Fino Payments bank Apps,0.1,6.5,1
2023-02-01,2023,2,Google Pay,2639.55,424442.48,1
2023-02-01,2023,2,Groww,0.21,158.9,1
2023-02-01,2023,2,HDFC Bank Apps,11.87,3116.17,1
2023-02-01,2023,2,HSBC Bank Apps,0.12,73.04,1
2023-02-01,2023,2,ICICI Bank Apps,40.52,14831.4,1
2023-02-01,2023,2,IDBI Bank Apps,0.07,29.25,1
2023-02-01,2023,2,IDFC Bank Apps,22.28,3044.21,1
2023-02-01,2023,2,India Post Payments Bank Apps,4.05,609.49,1
2023-02-01,2023,2,Indian Bank Apps,0.24,68.57,1
2023-02-01,2023,2,Indian Overseas Bank Apps,0.01,2.31,1
2023-02-01,2023,2,IndusInd Bank Apps,0.78,848.43,1
2023-02-01,2023,2,Jio Payments Bank Apps,1.5,104.03,1
2023-02-01,2023,2,Jupiter,2.39,314.07,1
2023-02-01,2023,2,Karnataka Bank Apps,0.39,88.38,1
2023-02-01,2023,2,Karur Vysya Bank Apps,0.04,14.78,1
2023-02-01,2023,2,Kotak Mahindra Bank Apps,12.09,2521.65,1
2023-02-01,2023,2,MakeMyTrip,0.05,22.7,1
2023-02-01,2023,2,Mobikwik,3.39,804.92,1
2023-02-01,2023,2,NSDL Payments Bank Apps,0.02,3.0,1
2023-02-01,2023,2,Others,0.03,9.01,1
2023-02-01,2023,2,Paytm,1137.53,136528.25,1
2023-02-01,2023,2,PhonePe,3519.12,620121.97,1
2023-02-01,2023,2,Punjab National Bank Apps,0.33,90.01,1
2023-02-01,2023,2,Punjab Sind Bank Apps,0.04,12.34,1
2023-02-01,2023,2,RBL Bank Apps,1.74,489.45,1
2023-02-01,2023,2,Samsung Pay,5.24,488.33,1
2023-02-01,2023,2,Slash,0.01,0.49,1
2023-02-01,2023,2,South Indian Bank Apps,0.2,54.81,1
2023-02-01,2023,2,Standard Chartered Bank Apps,0.14,82.79,1
2023-02-01,2023,2,State Bank of India Apps,3.72,1753.93,1
2023-02-01,2023,2,Tamilnad Mercantile Bank Apps,0.06,10.21,1
2023-02-01,2023,2,TataNeu,0.13,14.54,1
2023-02-01,2023,2,Transerv,0.02,3.13,1
2023-02-01,2023,2,UCO Bank Apps,0.31,97.44,1
2023-02-01,2023,2,Ultracash,0.03,1.67,1
2023-02-01,2023,2,Union Bank Apps,0.71,280.27,1
2023-02-01,2023,2,Utkarsh Small Finance Bank Apps,0.02,9.01,1
2023-02-01,2023,2,WhatsApp Pay,11.63,970.67,1
2023-02-01,2023,2,Yes Bank Apps,26.55,7518.24,1
2023-02-01,2023,2,slice,0.47,117.78,1
2023-03-01,2023,3,AU Small Finance Bank Apps,0.62,186.48,1
2023-03-01,2023,3,Airtel Payments Bank Apps,10.66,761.51,1
2023-03-01,2023,3,Allahabad Bank Apps,0.03,8.33,1
2023-03-01,2023,3,Amazon Pay,50.56,5360.9,1
2023-03-01,2023,3,Axis Bank Apps,58.24,1976.67,1
2023-03-01,2023,3,BHIM,23.68,7498.24,1
2023-03-01,2023,3,Bajaj Finserv,6.7,965.35,1
2023-03-01,2023,3,Bajaj Finserv PPI,0.05,12.22,1
2023-03-01,2023,3,Bajaj Markets,0.01,0.35,1
2023-03-01,2023,3,Bandhan Bank Apps,0.01,1.5,1
2023-03-01,2023,3,Bank of America Apps,0.01,2.07,1
2023-03-01,2023,3,Bank of Baroda Apps,1.16,447.25,1
2023-03-01,2023,3,Bank of India Apps,0.23,71.14,1
2023-03-01,2023,3,Bank of Maharashtra Apps,0.06,21.29,1
2023-03-01,2023,3,CRED,42.84,21056.31,1
2023-03-01,2023,3,Canara Bank Apps,1.39,374.43,1
2023-03-01,2023,3,Central Bank of India Apps,0.36,83.56,1
2023-03-01,2023,3,Citi Bank Apps,0.12,67.55,1
2023-03-01,2023,3,City Union Bank Apps,0.06,18.93,1
2023-03-01,2023,3,Cointab,0.04,19.07,1
2023-03-01,2023,3,DBS Digibank Apps,0.41,177.88,1
2023-03-01,2023,3,Deutsche Bank Apps,1.73,187.11,1
2023-03-01,2023,3,Dhanlaxmi Bank Apps,0.01,3.21,1
2023-03-01,2023,3,Equitas Small Finance Bank Apps,0.02,13.57,1
2023-03-01,2023,3,Eroute,0.27,19.25,1
2023-03-01,2023,3,Fampay PPI,9.49,124.59,1
2023-03-01,2023,3,Fave,0.08,6.4,1
2023-03-01,2023,3,Federal Bank Apps,5.25,648.51,1
2023-03-01,2023,3,Fino Payments bank Apps,0.13,8.18,1
2023-03-01,2023,3,Google Pay,3054.44,482896.69,1
2023-03-01,2023,3,Groww,0.18,137.64,1
2023-03-01,2023,3,HDFC Bank Apps,14.22,3644.88,1
2023-03-01,2023,3,HSBC Bank Apps,0.14,89.71,1
2023-03-01,2023,3,ICICI Bank Apps,41.59,17624.14,1
2023-03-01,2023,3,IDBI Bank Apps,0.07,32.38,1
2023-03-01,2023,3,IDFC Bank Apps,14.02,3306.18,1
2023-03-01,2023,3,India Post Payments Bank Apps,4.44,667.69,1
2023-03-01,2023,3,Indian Bank Apps,0.26,92.41,1
2023-03-01,2023,3,Indian Overseas Bank Apps,0.02,4.47,1
2023-03-01,2023,3,IndusInd Bank Apps,0.93,950.35,1
2023-03-01,2023,3,Janata Sahakari Bank Apps,0.01,3.74,1
2023-03-01,2023,3,Jio Payments Bank Apps,1.68,118.72,1
2023-03-01,2023,3,Jupiter,2.66,358.12,1
2023-03-01,2023,3,Karnataka Bank Apps,0.42,91.53,1
2023-03-01,2023,3,Karur Vysya Bank Apps,0.04,15.84,1
2023-03-01,2023,3,Kotak Mahindra Bank Apps,13.77,2854.65,1
2023-03-01,2023,3,LivQuick PPI,0.01,0.64,1
2023-03-01,2023,3,MakeMyTrip,0.05,23.5,1
2023-03-01,2023,3,Mobikwik,3.64,937.98,1
2023-03-01,2023,3,NSDL Payments Bank Apps,0.03,3.47,1
2023-03-01,2023,3,Others,0.02,5.18,1
2023-03-01,2023,3,Paytm,1288.38,154430.4,1
2023-03-01,2023,3,PhonePe,4076.32,707410.47,1
2023-03-01,2023,3,Punjab National Bank Apps,0.43,110.59,1
2023-03-01,2023,3,Punjab Sind Bank Apps,0.04,13.74,1
2023-03-01,2023,3,RBL Bank Apps,1.88,545.98,1
2023-03-01,2023,3,Samsung Pay,5.68,528.09,1
2023-03-01,2023,3,South Indian Bank Apps,0.22,66.08,1
2023-03-01,2023,3,Standard Chartered Bank Apps,0.15,94.14,1
2023-03-01,2023,3,State Bank of India Apps,4.36,2011.65,1
2023-03-01,2023,3,Tamilnad Mercantile Bank Apps,0.07,12.42,1
2023-03-01,2023,3,TataNeu,0.12,15.0,1
2023-03-01,2023,3,Transerv PPI,0.06,8.11,1
2023-03-01,2023,3,UCO Bank Apps,0.36,116.66,1
2023-03-01,2023,3,Ultracash,0.04,2.61,1
2023-03-01,2023,3,Union Bank Apps,0.75,310.24,1
2023-03-01,2023,3,Utkarsh Small Finance Bank Apps,0.02,6.35,1
2023-03-01,2023,3,WhatsApp Pay,13.35,1144.76,1
2023-03-01,2023,3,Yes Bank Apps,31.47,10093.9,1
2023-04-01,2023,4,AU Small Finance Bank Apps,0.63,184.93,1
2023-04-01,2023,4,Airtel Payments Bank Apps,9.04,640.22,1
2023-04-01,2023,4,Akudo & Muvin (Livquik),0.11,4.25,1
2023-04-01,2023,4,Allahabad Bank Apps,0.03,8.96,1
2023-04-01,2023,4,Amazon Pay,53.44,5351.07,1
2023-04-01,2023,4,Axis Bank Apps,51.74,1869.89,1
2023-04-01,2023,4,BHIM,23.77,7368.61,1
2023-04-01,2023,4,BPAYWALLET,0.05,9.91,1
2023-04-01,2023,4,Bajaj Finserv,7.68,1053.08,1
2023-04-01,2023,4,Bandhan Bank Apps,0.01,1.44,1
2023-04-01,2023,4,Bank of Baroda Apps,1.06,392.74,1
2023-04-01,2023,4,Bank of India Apps,0.22,66.93,1
2023-04-01,2023,4,Bank of Maharashtra Apps,0.06,19.83,1
2023-04-01,2023,4,CRED,45.7,20729.56,1
2023-04-01,2023,4,Canara Bank Apps,1.4,383.46,1
2023-04-01,2023,4,Central Bank of India Apps,0.41,91.27,1
2023-04-01,2023,4,Citi Bank Apps,0.1,58.17,1
2023-04-01,2023,4,City Union Bank Apps,0.06,18.31,1
2023-04-01,2023,4,Cointab,0.02,10.61,1
2023-04-01,2023,4,DBS Digibank Apps,0.41,173.13,1
2023-04-01,2023,4,DHANI,0.08,9.21,1
2023-04-01,2023,4,Deutsche Bank Apps,1.65,143.66,1
2023-04-01,2023,4,Dhanlaxmi Bank Apps,0.01,2.8,1
2023-04-01,2023,4,Equitas Small Finance Bank Apps,0.02,13.86,1
2023-04-01,2023,4,FAM,11.78,146.58,1
2023-04-01,2023,4,Fave,0.03,3.27,1
2023-04-01,2023,4,Federal Bank Apps,5.18,624.64,1
2023-04-01,2023,4,Fino Payments bank Apps,0.08,5.67,1
2023-04-01,2023,4,Google Pay,3109.24,474049.9,1
2023-04-01,2023,4,Groww,0.11,80.85,1
2023-04-01,2023,4,HDFC Bank Apps,14.48,3701.81,1
2023-04-01,2023,4,HSBC Bank Apps,0.14,90.13,1
2023-04-01,2023,4,ICICI Bank Apps,41.98,16704.57,1
2023-04-01,2023,4,IDBI Bank Apps,0.07,32.02,1
2023-04-01,2023,4,IDFC Bank Apps,12.66,2865.32,1
2023-04-01,2023,4,India Post Payments Bank Apps,5.24,746.48,1
2023-04-01,2023,4,Indian Bank Apps,0.27,86.37,1
2023-04-01,2023,4,Indian Overseas Bank Apps,0.03,7.76,1
2023-04-01,2023,4,IndusInd Bank Apps,0.8,877.27,1
2023-04-01,2023,4,Jio Payments Bank Apps,1.49,112.21,1
2023-04-01,2023,4,Jupiter,2.72,380.27,1
2023-04-01,2023,4,Karnataka Bank Apps,0.51,110.35,1
2023-04-01,2023,4,Karur Vysya Bank Apps,0.04,14.19,1
2023-04-01,2023,4,Kotak Mahindra Bank Apps,13.98,2845.65,1
2023-04-01,2023,4,MakeMyTrip,0.02,12.91,1
2023-04-01,2023,4,Mobikwik,3.48,923.59,1
2023-04-01,2023,4,NSDL Payments Bank Apps,0.02,3.42,1
2023-04-01,2023,4,OMNI,0.26,6.74,1
2023-04-01,2023,4,Others,0.03,8.54,1
2023-04-01,2023,4,PINELABS,0.02,1.31,1
2023-04-01,2023,4,Paytm,1299.25,155711.73,1
2023-04-01,2023,4,PhonePe,4216.99,710178.44,1
2023-04-01,2023,4,Punjab National Bank Apps,1.03,148.28,1
2023-04-01,2023,4,Punjab Sind Bank Apps,0.04,14.04,1
2023-04-01,2023,4,RBL Bank Apps,1.66,492.33,1
2023-04-01,2023,4,Samsung Pay,5.67,511.04,1
2023-04-01,2023,4,Slash,0.01,0.32,1
2023-04-01,2023,4,South Indian Bank Apps,0.22,63.81,1
2023-04-01,2023,4,Standard Chartered Bank Apps,0.16,94.22,1
2023-04-01,2023,4,State Bank of India Apps,4.09,1910.15,1
2023-04-01,2023,4,Tamilnad Mercantile Bank Apps,0.06,13.15,1
2023-04-01,2023,4,TataNeu,0.15,16.46,1
2023-04-01,2023,4,UCO Bank Apps,0.34,111.87,1
2023-04-01,2023,4,Ultracash,0.03,2.1,1
2023-04-01,2023,4,Union Bank Apps,0.74,301.17,1
2023-04-01,2023,4,Utkarsh Small Finance Bank Apps,0.02,6.43,1
2023-04-01,2023,4,WhatsApp Pay,14.83,1319.01,1
2023-04-01,2023,4,Yes Bank Apps,35.33,12454.98,1
2023-04-01,2023,4,slice,0.66,170.62,1
2023-05-01,2023,5,AU Small Finance Bank Apps,0.65,193.87,1
2023-05-01,2023,5,Airtel Payments Bank Apps,9.17,627.17,1
2023-05-01,2023,5,Akudo & Muvin (Livquik),0.18,6.62,1
2023-05-01,2023,5,Allahabad Bank Apps,0.03,8.87,1
2023-05-01,2023,5,Amazon Pay,57.08,5772.68,1
2023-05-01,2023,5,Axis Bank Apps,47.38,1916.44,1
2023-05-01,2023,5,BHIM,22.96,7209.87,1
2023-05-01,2023,5,BPAYWALLET,0.06,9.65,1
2023-05-01,2023,5,Bajaj Finserv,9.12,1189.82,1
2023-05-01,2023,5,Bank of Baroda Apps,1.11,412.03,1
2023-05-01,2023,5,Bank of India Apps,0.22,69.87,1
2023-05-01,2023,5,CRED,61.04,23426.74,1
2023-05-01,2023,5,Canara Bank Apps,1.48,431.27,1
2023-05-01,2023,5,Central Bank of India Apps,0.43,95.58,1
2023-05-01,2023,5,Citi Bank Apps,0.09,55.38,1
2023-05-01,2023,5,City Union Bank Apps,0.06,20.02,1
2023-05-01,2023,5,Cointab,0.01,4.24,1
2023-05-01,2023,5,DBS Digibank Apps,0.42,174.75,1
2023-05-01,2023,5,DHANI,0.04,7.55,1
2023-05-01,2023,5,Deutsche Bank Apps,1.89,174.27,1
2023-05-01,2023,5,Dhanlaxmi Bank Apps,0.01,2.93,1
2023-05-01,2023,5,Equitas Small Finance Bank Apps,0.03,16.31,1
2023-05-01,2023,5,FAM,13.78,166.5,1
2023-05-01,2023,5,Fave,0.02,1.68,1
2023-05-01,2023,5,Federal Bank Apps,5.12,643.62,1
2023-05-01,2023,5,Fino Payments bank Apps,0.09,6.6,1
2023-05-01,2023,5,Google Pay,3274.69,497748.17,1
2023-05-01,2023,5,Groww,0.47,287.97,1
2023-05-01,2023,5,HDFC Bank Apps,16.07,3982.69,1
2023-05-01,2023,5,HSBC Bank Apps,0.14,87.5,1
2023-05-01,2023,5,ICICI Bank Apps,43.92,17101.09,1
2023-05-01,2023,5,IDBI Bank Apps,0.08,34.64,1
2023-05-01,2023,5,IDFC Bank Apps,8.56,1696.01,1
2023-05-01,2023,5,India Post Payments Bank Apps,5.04,775.77,1
2023-05-01,2023,5,Indian Bank Apps,0.28,84.07,1
2023-05-01,2023,5,Indian Overseas Bank Apps,0.04,10.5,1
2023-05-01,2023,5,IndusInd Bank Apps,0.81,886.1,1
2023-05-01,2023,5,Jammu and Kashmir Bank Apps,0.01,2.0,1
2023-05-01,2023,5,Jio Payments Bank Apps,1.56,119.8,1
2023-05-01,2023,5,Jupiter,2.94,415.04,1
2023-05-01,2023,5,Karnataka Bank Apps,0.63,127.13,1
2023-05-01,2023,5,Karur Vysya Bank Apps,0.04,13.65,1
2023-05-01,2023,5,Kotak Mahindra Bank Apps,16.31,3139.05,1
2023-05-01,2023,5,MakeMyTrip,0.02,8.01,1
2023-05-01,2023,5,Mobikwik,3.59,997.92,1
2023-05-01,2023,5,NSDL Payments Bank Apps,0.02,3.28,1
2023-05-01,2023,5,OMNI,0.39,10.1,1
2023-05-01,2023,5,Others,0.03,10.98,1
2023-05-01,2023,5,PINELABS,0.06,3.25,1
2023-05-01,2023,5,Paytm,1342.28,164843.79,1
2023-05-01,2023,5,PhonePe,4499.2,757276.68,1
2023-05-01,2023,5,Punjab National Bank Apps,1.1,177.69,1
2023-05-01,2023,5,Punjab Sind Bank Apps,0.04,13.71,1
2023-05-01,2023,5,RBL Bank Apps,1.24,489.36,1
2023-05-01,2023,5,RBLBANK,0.01,0.06,1
2023-05-01,2023,5,Samsung Pay,5.83,535.16,1
2023-05-01,2023,5,South Indian Bank Apps,0.25,71.46,1
2023-05-01,2023,5,Standard Chartered Bank Apps,0.15,91.48,1
2023-05-01,2023,5,State Bank of India Apps,4.48,1969.95,1
2023-05-01,2023,5,Tamilnad Mercantile Bank Apps,0.07,14.83,1
2023-05-01,2023,5,TataNeu,0.15,19.28,1
2023-05-01,2023,5,UCO Bank Apps,0.36,118.26,1
2023-05-01,2023,5,Ultracash,0.01,1.13,1
2023-05-01,2023,5,Union Bank Apps,0.76,306.93,1
2023-05-01,2023,5,Utkarsh Small Finance Bank Apps,0.02,6.81,1
2023-05-01,2023,5,WhatsApp Pay,15.98,1477.06,1
2023-05-01,2023,5,Yes Bank Apps,42.65,13006.24,1
2023-05-01,2023,5,Zomato,0.01,0.43,1
2023-05-01,2023,5,slice,0.83,194.68,1
2023-06-01,2023,6,AU Small Finance Bank Apps,0.64,196.1,1
2023-06-01,2023,6,Airtel Payments Bank Apps,8.84,632.2,1
2023-06-01,2023,6,Allahabad Bank Apps,0.03,8.3,1
2023-06-01,2023,6,Amazon Pay,52.89,5647.9,1
2023-06-01,2023,6,Axis Bank Apps,47.64,2231.7,1
2023-06-01,2023,6,BHIM,23.11,7289.0,1
2023-06-01,2023,6,Bajaj Finserv,9.76,1312.6,1
2023-06-01,2023,6,Bajaj Finserv PPI,0.07,14.3,1
2023-06-01,2023,6,Bandhan Bank Apps,0.01,3.1,1
2023-06-01,2023,6,Bank of Baroda Apps,1.19,427.7,1
2023-06-01,2023,6,Bank of India Apps,0.23,71.9,1
2023-06-01,2023,6,Bank of Maharashtra Apps,0.01,0.8,1
2023-06-01,2023,6,CRED,73.93,26431.8,1
2023-06-01,2023,6,Canara Bank Apps,1.58,462.7,1
2023-06-01,2023,6,Central Bank of India Apps,0.44,97.6,1
2023-06-01,2023,6,Citi Bank Apps,0.07,54.2,1
2023-06-01,2023,6,City Union Bank Apps,0.06,18.3,1
2023-06-01,2023,6,DBS Digibank Apps,0.41,166.9,1
2023-06-01,2023,6,Deutsche Bank Apps,1.81,125.6,1
2023-06-01,2023,6,Dhani,0.03,7.0,1
2023-06-01,2023,6,Dhanlaxmi Bank Apps,0.01,3.2,1
2023-06-01,2023,6,Equitas Small Finance Bank Apps,0.03,17.3,1
2023-06-01,2023,6,Fampay,14.99,184.7,1
2023-06-01,2023,6,Fave,0.07,4.6,1
2023-06-01,2023,6,Federal Bank Apps,4.86,630.0,1
2023-06-01,2023,6,Fino Payments bank Apps,0.13,9.2,1
2023-06-01,2023,6,GoNiyo PPI,0.02,0.5,1
2023-06-01,2023,6,Google Pay,3266.83,494088.0,1
2023-06-01,2023,6,Groww,1.45,1039.6,1
2023-06-01,2023,6,HDFC Bank Apps,17.56,4168.6,1
2023-06-01,2023,6,HSBC Bank Apps,0.15,89.2,1
2023-06-01,2023,6,ICICI Bank Apps,37.63,16243.7,1
2023-06-01,2023,6,IDBI Bank Apps,0.08,34.1,1
2023-06-01,2023,6,IDFC Bank Apps,6.31,1540.3,1
2023-06-01,2023,6,India Post Payments Bank Apps,4.83,742.5,1
2023-06-01,2023,6,Indian Bank Apps,0.28,81.2,1
2023-06-01,2023,6,Indian Overseas Bank Apps,0.05,13.0,1
2023-06-01,2023,6,IndusInd Bank Apps,0.79,897.6,1
2023-06-01,2023,6,Jammu and Kashmir Bank Apps,0.01,2.4,1
2023-06-01,2023,6,Jio Payments Bank Apps,1.35,113.2,1
2023-06-01,2023,6,Jupiter,2.96,424.8,1
2023-06-01,2023,6,Jupiter Edge (LivQuick PPI),0.21,11.3,1
2023-06-01,2023,6,Karnataka Bank Apps,0.61,125.9,1
2023-06-01,2023,6,Karur Vysya Bank Apps,0.04,14.0,1
2023-06-01,2023,6,Kiwi,0.05,4.1,1
2023-06-01,2023,6,Kotak Mahindra Bank Apps,17.38,3202.5,1
2023-06-01,2023,6,MakeMyTrip,0.03,18.2,1
2023-06-01,2023,6,Mobikwik,3.58,1060.4,1
2023-06-01,2023,6,NSDL Payments Bank Apps,0.02,4.1,1
2023-06-01,2023,6,OmniCard,0.48,13.9,1
2023-06-01,2023,6,Others,0.0,11.8,1
2023-06-01,2023,6,PINELABS,0.07,4.2,1
2023-06-01,2023,6,Paytm,1307.48,162494.8,1
2023-06-01,2023,6,PhonePe,4461.36,745552.2,1
2023-06-01,2023,6,Punjab National Bank Apps,0.77,169.7,1
2023-06-01,2023,6,Punjab Sind Bank Apps,0.03,12.6,1
2023-06-01,2023,6,RBL Bank Apps,1.29,497.9,1
2023-06-01,2023,6,Samsung Pay,5.61,522.8,1
2023-06-01,2023,6,South Indian Bank Apps,0.25,70.5,1
2023-06-01,2023,6,Standard Chartered Bank Apps,1.4,672.6,1
2023-06-01,2023,6,State Bank of India Apps,4.64,1959.7,1
2023-06-01,2023,6,Tamilnad Mercantile Bank Apps,0.08,18.9,1
2023-06-01,2023,6,TataNeu,0.12,17.6,1
2023-06-01,2023,6,UCO Bank Apps,0.33,107.6,1
2023-06-01,2023,6,Ultracash,0.04,3.1,1
2023-06-01,2023,6,Union Bank Apps,0.79,318.9,1
2023-06-01,2023,6,Utkarsh Small Finance Bank Apps,0.02,6.3,1
2023-06-01,2023,6,WhatsApp Pay,16.0,1443.3,1
2023-06-01,2023,6,Yes Bank Apps,36.46,12997.5,1
2023-06-01,2023,6,Zomato,0.01,1.7,1
2023-06-01,2023,6,slice,0.88,272.8,1
2023-07-01,2023,7,AU Small Finance Bank Apps,0.68,209.86,1
2023-07-01,2023,7,Airtel Payments Bank Apps,9.65,666.04,1
2023-07-01,2023,7,Allahabad Bank Apps,0.03,8.73,1
2023-07-01,2023,7,Amazon Pay,57.6,6163.84,1
2023-07-01,2023,7,Axis Bank Apps,64.3,3217.03,1
2023-07-01,2023,7,BHIM,24.94,8244.91,1
2023-07-01,2023,7,Bajaj Finserv,12.11,1740.97,1
2023-07-01,2023,7,Bajaj Finserv PPI,0.11,25.8,1
2023-07-01,2023,7,Bandhan Bank Apps,0.01,0.98,1
2023-07-01,2023,7,Bank of Baroda Apps,1.34,477.16,1
2023-07-01,2023,7,Bank of India Apps,0.25,78.83,1
2023-07-01,2023,7,Bank of Maharashtra Apps,0.03,5.66,1
2023-07-01,2023,7,CRED,80.34,30999.71,1
2023-07-01,2023,7,Canara Bank Apps,1.73,514.02,1
2023-07-01,2023,7,Central Bank of India Apps,0.44,97.75,1
2023-07-01,2023,7,Citi Bank Apps,0.07,61.36,1
2023-07-01,2023,7,City Union Bank Apps,0.07,20.96,1
2023-07-01,2023,7,DBS Digibank Apps,0.44,179.72,1
2023-07-01,2023,7,Deutsche Bank Apps,1.83,175.52,1
2023-07-01,2023,7,Dhani,0.03,7.81,1
2023-07-01,2023,7,Dhanlaxmi Bank Apps,0.01,2.87,1
2023-07-01,2023,7,Equitas Small Finance Bank Apps,0.03,18.9,1
2023-07-01,2023,7,Fampay,16.79,206.43,1
2023-07-01,2023,7,Fave,0.12,7.56,1
2023-07-01,2023,7,Federal Bank Apps,5.19,665.11,1
2023-07-01,2023,7,Fino Payments bank Apps,0.17,13.36,1
2023-07-01,2023,7,Google Pay,3494.64,518095.1,1
2023-07-01,2023,7,Groww,2.81,2075.98,1
2023-07-01,2023,7,HDFC Bank Apps,17.77,4410.51,1
2023-07-01,2023,7,HSBC Bank Apps,0.16,96.52,1
2023-07-01,2023,7,ICICI Bank Apps,35.92,17770.37,1
2023-07-01,2023,7,IDBI Bank Apps,0.07,37.4,1
2023-07-01,2023,7,IDFC Bank Apps,4.17,1121.41,1
2023-07-01,2023,7,India Post Payments Bank Apps,5.43,587.75,1
2023-07-01,2023,7,Indian Bank Apps,0.31,92.64,1
2023-07-01,2023,7,Indian Overseas Bank Apps,0.07,18.01,1
2023-07-01,2023,7,IndusInd Bank Apps,0.84,723.32,1
2023-07-01,2023,7,Jammu and Kashmir Bank Apps,0.01,2.29,1
2023-07-01,2023,7,Jio Payments Bank Apps,1.34,114.12,1
2023-07-01,2023,7,Jupiter,3.27,466.39,1
2023-07-01,2023,7,Karnataka Bank Apps,0.61,124.34,1
2023-07-01,2023,7,Karur Vysya Bank Apps,0.04,16.34,1
2023-07-01,2023,7,Kiwi,1.53,52.51,1
2023-07-01,2023,7,Kotak Mahindra Bank Apps,18.56,3480.6,1
2023-07-01,2023,7,MakeMyTrip,0.04,19.92,1
2023-07-01,2023,7,Mobikwik,3.79,1140.63,1
2023-07-01,2023,7,Mobikwik PPI,0.02,3.63,1
2023-07-01,2023,7,NSDL Payments Bank Apps,0.03,4.56,1
2023-07-01,2023,7,Omnicard,0.62,19.49,1
2023-07-01,2023,7,Others,0.03,11.05,1
2023-07-01,2023,7,Paytm,1393.66,170767.35,1
2023-07-01,2023,7,PhonePe,4743.66,761247.87,1
2023-07-01,2023,7,Punjab National Bank Apps,0.79,181.5,1
2023-07-01,2023,7,Punjab Sind Bank Apps,0.03,12.72,1
2023-07-01,2023,7,RBL Bank Apps,1.28,529.58,1
2023-07-01,2023,7,Samsung Pay,5.81,544.13,1
2023-07-01,2023,7,Shriram,0.01,0.21,1
2023-07-01,2023,7,South Indian Bank Apps,0.25,73.83,1
2023-07-01,2023,7,Standard Chartered Bank Apps,4.14,2129.38,1
2023-07-01,2023,7,State Bank of India Apps,5.01,2095.15,1
2023-07-01,2023,7,Tamilnad Mercantile Bank Apps,0.1,23.5,1
2023-07-01,2023,7,TataNeu,0.1,16.7,1
2023-07-01,2023,7,UCO Bank Apps,0.36,116.31,1
2023-07-01,2023,7,Ultracash,0.07,5.01,1
2023-07-01,2023,7,Union Bank Apps,0.88,349.19,1
2023-07-01,2023,7,Utkarsh Small Finance Bank Apps,0.02,6.24,1
2023-07-01,2023,7,WhatsApp Pay,17.84,1598.67,1
2023-07-01,2023,7,Yes Bank Apps,32.01,11502.79,1
2023-07-01,2023,7,Zomato,0.01,0.66,1
2023-07-01,2023,7,slice,0.94,301.0,1
2023-08-01,2023,8,AU Small Finance Bank Apps,0.71,218.16,1
2023-08-01,2023,8,Airtel Payments Bank Apps,10.2,699.27,1
2023-08-01,2023,8,Allahabad Bank Apps,0.03,7.81,1
2023-08-01,2023,8,Amazon Pay,54.02,5836.99,1
2023-08-01,2023,8,Axis Bank Apps,69.43,3037.11,1
2023-08-01,2023,8,BHIM,24.61,7793.58,1
2023-08-01,2023,8,BPAYWALLET,0.15,32.07,1
2023-08-01,2023,8,Bajaj Finserv,13.22,1995.11,1
2023-08-01,2023,8,Bandhan Bank Apps,0.01,0.87,1
2023-08-01,2023,8,Bank of Baroda Apps,1.27,466.84,1
2023-08-01,2023,8,Bank of India Apps,0.29,85.09,1
2023-08-01,2023,8,Bank of Maharashtra Apps,0.05,8.18,1
2023-08-01,2023,8,CRED,85.13,31926.2,1
2023-08-01,2023,8,Canara Bank Apps,1.64,492.29,1
2023-08-01,2023,8,Central Bank of India Apps,0.45,96.41,1
2023-08-01,2023,8,Citi Bank Apps,0.08,58.11,1
2023-08-01,2023,8,City Union Bank Apps,0.07,19.79,1
2023-08-01,2023,8,DBS Digibank Apps,0.46,174.06,1
2023-08-01,2023,8,DHANI,0.03,4.2,1
2023-08-01,2023,8,DIGIKHATA,0.01,3.81,1
2023-08-01,2023,8,Deutsche Bank Apps,2.08,359.86,1
2023-08-01,2023,8,Dhanlaxmi Bank Apps,0.01,3.02,1
2023-08-01,2023,8,Equitas Small Finance Bank Apps,0.03,19.23,1
2023-08-01,2023,8,FAM,20.27,235.89,1
2023-08-01,2023,8,Fave,0.12,7.54,1
2023-08-01,2023,8,Federal Bank Apps,5.7,700.66,1
2023-08-01,2023,8,Fino Payments bank Apps,0.21,15.43,1
2023-08-01,2023,8,GoIbibo,0.01,2.99,1
2023-08-01,2023,8,Google Pay,3767.68,538113.42,1
2023-08-01,2023,8,Groww,4.74,2911.09,1
2023-08-01,2023,8,HDFC Bank Apps,18.94,4671.76,1
2023-08-01,2023,8,HSBC Bank Apps,0.17,98.19,1
2023-08-01,2023,8,ICICI Bank Apps,38.57,20999.12,1
2023-08-01,2023,8,IDBI Bank Apps,0.06,31.69,1
2023-08-01,2023,8,IDFC Bank Apps,4.36,1107.81,1
2023-08-01,2023,8,INDIE,0.05,12.6,1
2023-08-01,2023,8,India Post Payments Bank Apps,5.56,498.37,1
2023-08-01,2023,8,Indian Bank Apps,0.33,91.69,1
2023-08-01,2023,8,Indian Overseas Bank Apps,0.07,19.01,1
2023-08-01,2023,8,IndusInd Bank Apps,0.85,391.31,1
2023-08-01,2023,8,Jammu and Kashmir Bank Apps,0.01,2.8,1
2023-08-01,2023,8,Jio Payments Bank Apps,1.42,113.65,1
2023-08-01,2023,8,Jupiter,3.94,500.95,1
2023-08-01,2023,8,KIWI,0.69,69.86,1
2023-08-01,2023,8,Karnataka Bank Apps,0.65,127.83,1
2023-08-01,2023,8,Karur Vysya Bank Apps,0.05,16.11,1
2023-08-01,2023,8,Kotak Mahindra Bank Apps,21.17,3678.04,1
2023-08-01,2023,8,MakeMyTrip,0.04,20.49,1
2023-08-01,2023,8,Mobikwik,3.96,1203.54,1
2023-08-01,2023,8,NSDL Payments Bank Apps,0.03,5.39,1
2023-08-01,2023,8,OMNI,0.77,25.2,1
2023-08-01,2023,8,Others,0.03,8.46,1
2023-08-01,2023,8,Paytm,1484.82,176804.51,1
2023-08-01,2023,8,PhonePe,4987.33,775265.57,1
2023-08-01,2023,8,Punjab National Bank Apps,0.86,179.75,1
2023-08-01,2023,8,Punjab Sind Bank Apps,0.03,12.74,1
2023-08-01,2023,8,RBL Bank Apps,1.38,548.31,1
2023-08-01,2023,8,SURYODAY,0.01,0.03,1
2023-08-01,2023,8,Samsung Pay,6.0,538.48,1
2023-08-01,2023,8,Shriram One,0.04,2.33,1
2023-08-01,2023,8,South Indian Bank Apps,0.28,77.42,1
2023-08-01,2023,8,Standard Chartered Bank Apps,3.59,514.44,1
2023-08-01,2023,8,State Bank of India Apps,5.39,2104.81,1
2023-08-01,2023,8,Tamilnad Mercantile Bank Apps,0.1,25.45,1
2023-08-01,2023,8,TataNeu,0.1,16.09,1
2023-08-01,2023,8,UCO Bank Apps,0.38,132.77,1
2023-08-01,2023,8,Ultracash,0.09,6.17,1
2023-08-01,2023,8,Union Bank Apps,0.9,324.77,1
2023-08-01,2023,8,Utkarsh Small Finance Bank Apps,0.02,6.67,1
2023-08-01,2023,8,WhatsApp Pay,19.7,1677.53,1
2023-08-01,2023,8,Yes Bank Apps,28.94,11254.77,1
2023-08-01,2023,8,ZOICICI,0.01,1.0,1
2023-08-01,2023,8,slice,0.96,306.89,1
2023-09-01,2023,9,AU Small Finance Bank Apps,0.66,214.25,1
2023-09-01,2023,9,Airtel Payments Bank Apps,10.46,747.21,1
2023-09-01,2023,9,Allahabad Bank Apps,0.03,7.15,1
2023-09-01,2023,9,Amazon Pay,48.78,5386.29,1
2023-09-01,2023,9,Axis Bank Apps,68.76,3584.91,1
2023-09-01,2023,9,BHIM,24.15,8005.18,1
2023-09-01,2023,9,BPAYWALLET,0.19,42.31,1
2023-09-01,2023,9,Bajaj Finserv,14.14,2069.98,1
2023-09-01,2023,9,Bank of Baroda Apps,1.22,476.43,1
2023-09-01,2023,9,Bank of India Apps,0.28,86.17,1
2023-09-01,2023,9,Bank of Maharashtra Apps,0.05,8.55,1
2023-09-01,2023,9,CRED,86.5,31558.2,1
2023-09-01,2023,9,Canara Bank Apps,1.89,569.48,1
2023-09-01,2023,9,Central Bank of India Apps,0.4,95.22,1
2023-09-01,2023,9,Citi Bank Apps,0.08,61.34,1
2023-09-01,2023,9,City Union Bank Apps,0.07,20.6,1
2023-09-01,2023,9,DBS Digibank Apps,0.45,179.42,1
2023-09-01,2023,9,DHANI,0.02,2.58,1
2023-09-01,2023,9,DIGIKHATA,0.03,10.8,1
2023-09-01,2023,9,Deutsche Bank Apps,1.93,315.29,1
2023-09-01,2023,9,Dhanlaxmi Bank Apps,0.01,3.46,1
2023-09-01,2023,9,Equitas Small Finance Bank Apps,0.03,19.39,1
2023-09-01,2023,9,FAM,22.88,263.37,1
2023-09-01,2023,9,Fave,0.09,6.34,1
2023-09-01,2023,9,Federal Bank Apps,5.54,692.03,1
2023-09-01,2023,9,Fino Payments bank Apps,0.22,15.99,1
2023-09-01,2023,9,GOAXB,0.64,74.94,1
2023-09-01,2023,9,GoIbibo,0.01,2.34,1
2023-09-01,2023,9,Google Pay,3780.89,541624.06,1
2023-09-01,2023,9,Groww,6.5,3596.95,1
2023-09-01,2023,9,HDFC Bank Apps,18.87,4739.39,1
2023-09-01,2023,9,HSBC Bank Apps,0.16,101.2,1
2023-09-01,2023,9,ICICI Bank Apps,37.52,20052.91,1
2023-09-01,2023,9,IDBI Bank Apps,0.06,32.31,1
2023-09-01,2023,9,IDFC Bank Apps,4.42,1109.67,1
2023-09-01,2023,9,INDIE,0.07,16.09,1
2023-09-01,2023,9,India Post Payments Bank Apps,5.28,447.37,1
2023-09-01,2023,9,Indian Bank Apps,0.33,149.32,1
2023-09-01,2023,9,Indian Overseas Bank Apps,0.07,19.12,1
2023-09-01,2023,9,IndusInd Bank Apps,0.89,182.26,1
2023-09-01,2023,9,Jammu and Kashmir Bank Apps,0.01,2.56,1
2023-09-01,2023,9,Jio Payments Bank Apps,1.44,108.84,1
2023-09-01,2023,9,Jupiter,4.05,529.64,1
2023-09-01,2023,9,Karnataka Bank Apps,0.62,125.7,1
2023-09-01,2023,9,Karur Vysya Bank Apps,0.04,15.87,1
2023-09-01,2023,9,Kotak Mahindra Bank Apps,21.57,3737.26,1
2023-09-01,2023,9,MakeMyTrip,0.04,21.32,1
2023-09-01,2023,9,Mobikwik,3.92,1182.65,1
2023-09-01,2023,9,NAVIAXIS,0.27,17.75,1
2023-09-01,2023,9,NSDL Payments Bank Apps,0.03,5.78,1
2023-09-01,2023,9,OMNI,0.98,36.12,1
2023-09-01,2023,9,Others,0.06,10.25,1
2023-09-01,2023,9,Paytm,1451.99,176865.46,1
2023-09-01,2023,9,PhonePe,4972.81,774845.98,1
2023-09-01,2023,9,Punjab National Bank Apps,1.0,197.93,1
2023-09-01,2023,9,Punjab Sind Bank Apps,0.03,12.32,1
2023-09-01,2023,9,RBL Bank Apps,1.6,575.61,1
2023-09-01,2023,9,SHRIRAM,0.03,2.8,1
2023-09-01,2023,9,SLICE,0.03,3.8,1
2023-09-01,2023,9,Samsung Pay,5.81,528.2,1
2023-09-01,2023,9,South Indian Bank Apps,0.26,72.9,1
2023-09-01,2023,9,Standard Chartered Bank Apps,2.03,331.21,1
2023-09-01,2023,9,State Bank of India Apps,5.42,2130.89,1
2023-09-01,2023,9,Tamilnad Mercantile Bank Apps,0.1,26.99,1
2023-09-01,2023,9,TataNeu,0.09,14.82,1
2023-09-01,2023,9,UCO Bank Apps,0.37,127.06,1
2023-09-01,2023,9,Ultracash,0.08,4.77,1
2023-09-01,2023,9,Union Bank Apps,0.87,324.39,1
2023-09-01,2023,9,Utkarsh Small Finance Bank Apps,0.02,6.63,1
2023-09-01,2023,9,WhatsApp Pay,20.55,1732.15,1
2023-09-01,2023,9,Yes Bank Apps,28.49,10847.96,1
2023-09-01,2023,9,slice,1.06,310.9,1
2023-10-01,2023,10,AU Small Finance Bank Apps,0.71,235.99,1
2023-10-01,2023,10,Airtel Payments Bank Apps,11.62,810.65,1
2023-10-01,2023,10,Allahabad Bank Apps,0.03,7.3,1
2023-10-01,2023,10,Amazon Pay,54.39,6297.17,1
2023-10-01,2023,10,Axis Bank Apps,74.42,4931.5,1
2023-10-01,2023,10,BHIM,25.74,8174.71,1
2023-10-01,2023,10,Bajaj Finserv,14.19,2373.17,1
2023-10-01,2023,10,Bajaj Finserv PPI,0.23,48.79,1
2023-10-01,2023,10,Bank of Baroda Apps,0.93,397.49,1
2023-10-01,2023,10,Bank of India Apps,0.27,93.46,1
2023-10-01,2023,10,Bank of Maharashtra Apps,0.06,10.85,1
2023-10-01,2023,10,CRED,94.52,34691.49,1
2023-10-01,2023,10,Canara Bank Apps,2.22,665.43,1
2023-10-01,2023,10,Central Bank of India Apps,0.52,114.94,1
2023-10-01,2023,10,Citi Bank Apps,0.08,66.07,1
2023-10-01,2023,10,City Union Bank Apps,0.07,21.55,1
2023-10-01,2023,10,DBS Digibank Apps,0.51,197.7,1
2023-10-01,2023,10,Deutsche Bank Apps,2.37,350.47,1
2023-10-01,2023,10,Dhani PPI,0.02,1.49,1
2023-10-01,2023,10,Digikhata PPI,0.04,15.33,1
2023-10-01,2023,10,Equitas Small Finance Bank Apps,0.03,21.65,1
2023-10-01,2023,10,Fampay PPI,27.54,314.13,1
2023-10-01,2023,10,Fave,0.11,10.38,1
2023-10-01,2023,10,Federal Bank Apps,5.89,720.68,1
2023-10-01,2023,10,Fino Payments bank Apps,0.27,20.01,1
2023-10-01,2023,10,GoKiwi,0.76,79.21,1
2023-10-01,2023,10,Google Pay,4139.92,589299.18,1
2023-10-01,2023,10,Groww,5.89,3354.83,1
2023-10-01,2023,10,HDFC Bank Apps,21.35,5453.76,1
2023-10-01,2023,10,HSBC Bank Apps,0.18,106.07,1
2023-10-01,2023,10,ICICI Bank Apps,38.88,21317.78,1
2023-10-01,2023,10,IDBI Bank Apps,0.07,36.89,1
2023-10-01,2023,10,IDFC Bank Apps,5.26,1312.46,1
2023-10-01,2023,10,India Post Payments Bank Apps,5.54,464.95,1
2023-10-01,2023,10,Indian Bank Apps,0.36,110.93,1
2023-10-01,2023,10,Indian Overseas Bank Apps,0.09,23.85,1
2023-10-01,2023,10,IndusInd Bank Apps,1.07,217.98,1
2023-10-01,2023,10,Jammu and Kashmir Bank Apps,0.01,3.39,1
2023-10-01,2023,10,Jio Payments Bank Apps,1.35,112.84,1
2023-10-01,2023,10,Jupiter,4.45,571.06,1
2023-10-01,2023,10,Karnataka Bank Apps,0.69,138.58,1
2023-10-01,2023,10,Karur Vysya Bank Apps,0.04,16.95,1
2023-10-01,2023,10,Kotak Mahindra Bank Apps,23.83,4205.77,1
2023-10-01,2023,10,MakeMyTrip,0.04,21.47,1
2023-10-01,2023,10,Mobikwik,4.43,1378.88,1
2023-10-01,2023,10,Mobikwik PPI,0.02,2.15,1
2023-10-01,2023,10,NSDL Payments Bank Apps,0.04,5.79,1
2023-10-01,2023,10,Navi,0.53,33.92,1
2023-10-01,2023,10,Omnicard PPI,1.2,45.9,1
2023-10-01,2023,10,Others,0.06,14.29,1
2023-10-01,2023,10,Paytm,1544.41,192974.8,1
2023-10-01,2023,10,PhonePe,5337.96,838371.7,1
2023-10-01,2023,10,Punjab National Bank Apps,0.99,211.45,1
2023-10-01,2023,10,Punjab Sind Bank Apps,0.03,12.94,1
2023-10-01,2023,10,RBL Bank Apps,2.14,658.74,1
2023-10-01,2023,10,Samsung Pay,6.17,562.28,1
2023-10-01,2023,10,Shriram One,0.15,9.43,1
2023-10-01,2023,10,South Indian Bank Apps,0.22,69.36,1
2023-10-01,2023,10,Standard Chartered Bank Apps,7.02,1702.59,1
2023-10-01,2023,10,State Bank of India Apps,5.53,2186.05,1
2023-10-01,2023,10,Tamilnad Mercantile Bank Apps,0.1,29.14,1
2023-10-01,2023,10,TataNeu,0.09,14.51,1
2023-10-01,2023,10,UCO Bank Apps,0.28,85.33,1
2023-10-01,2023,10,Ultracash,0.09,5.6,1
2023-10-01,2023,10,Union Bank Apps,0.89,360.42,1
2023-10-01,2023,10,Utkarsh Small Finance Bank Apps,0.02,7.44,1
2023-10-01,2023,10,WhatsApp Pay,22.72,1903.1,1
2023-10-01,2023,10,Yes Bank Apps,28.27,11259.1,1
2023-10-01,2023,10,slice,1.33,340.4,1
2023-10-01,2023,10,slice PPI,0.33,18.41,1
2023-11-01,2023,11,AU Small Finance Bank Apps,0.66,239.22,1
2023-11-01,2023,11,Airtel Payments Bank Apps,11.34,827.06,1
2023-11-01,2023,11,Allahabad Bank Apps,0.03,6.93,1
2023-11-01,2023,11,Amazon Pay,48.62,5737.75,1
2023-11-01,2023,11,Axis Bank Apps,66.02,3765.68,1
2023-11-01,2023,11,BHIM,23.49,7957.46,1
2023-11-01,2023,11,Bajaj Finserv,15.95,2406.06,1
2023-11-01,2023,11,Bajaj Pay Wallet,0.26,62.02,1
2023-11-01,2023,11,Bank of Baroda Apps,0.95,419.67,1
2023-11-01,2023,11,Bank of India Apps,0.24,88.76,1
2023-11-01,2023,11,Bank of Maharashtra Apps,0.04,8.79,1
2023-11-01,2023,11,CBDC Apps,0.22,8.95,1
2023-11-01,2023,11,CRED,93.31,34541.32,1
2023-11-01,2023,11,Canara Bank Apps,2.29,667.04,1
2023-11-01,2023,11,Central Bank of India Apps,0.51,117.44,1
2023-11-01,2023,11,Citi Bank Apps,0.07,60.24,1
2023-11-01,2023,11,City Union Bank Apps,0.07,22.07,1
2023-11-01,2023,11,DBS Digibank Apps,0.52,196.87,1
2023-11-01,2023,11,DIGIKHATA,0.05,20.12,1
2023-11-01,2023,11,Deutsche Bank Apps,3.26,268.85,1
2023-11-01,2023,11,Equitas Small Finance Bank Apps,0.03,19.96,1
2023-11-01,2023,11,Fampay,28.43,336.92,1
2023-11-01,2023,11,Fave,0.09,8.29,1
2023-11-01,2023,11,Federal Bank Apps,5.51,698.06,1
2023-11-01,2023,11,Fino Payments bank Apps,0.27,25.0,1
2023-11-01,2023,11,GoKiwi,0.76,93.99,1
2023-11-01,2023,11,Google Pay,4099.08,599748.64,1
2023-11-01,2023,11,Groww,4.59,2528.81,1
2023-11-01,2023,11,HDFC Bank Apps,20.68,5511.35,1
2023-11-01,2023,11,HSBC Bank Apps,0.18,110.56,1
2023-11-01,2023,11,ICICI Bank Apps,40.75,23679.82,1
2023-11-01,2023,11,IDBI Bank Apps,0.07,35.22,1
2023-11-01,2023,11,IDFC Bank Apps,4.96,1306.91,1
2023-11-01,2023,11,INDIE - Indus Ind,0.16,30.77,1
2023-11-01,2023,11,India Post Payments Bank Apps,5.27,532.66,1
2023-11-01,2023,11,Indian Bank Apps,0.36,93.94,1
2023-11-01,2023,11,Indian Overseas Bank Apps,0.09,24.83,1
2023-11-01,2023,11,IndusInd Bank Apps,0.9,193.07,1
2023-11-01,2023,11,Jio Payments Bank Apps,1.26,117.05,1
2023-11-01,2023,11,Jupiter,4.29,577.81,1
2023-11-01,2023,11,Karnataka Bank Apps,0.68,138.92,1
2023-11-01,2023,11,Karur Vysya Bank Apps,0.04,14.83,1
2023-11-01,2023,11,Kotak Mahindra Bank Apps,23.88,4341.61,1
2023-11-01,2023,11,MakeMyTrip,0.04,22.58,1
2023-11-01,2023,11,Mobikwik,4.58,1475.75,1
2023-11-01,2023,11,NSDL Payments Bank Apps,0.03,5.89,1
2023-11-01,2023,11,Navi,0.6,37.44,1
2023-11-01,2023,11,Omnicard,1.09,37.85,1
2023-11-01,2023,11,Others,0.11,26.81,1
2023-11-01,2023,11,Paytm,1479.47,191150.29,1
2023-11-01,2023,11,PhonePe,5281.68,854939.06,1
2023-11-01,2023,11,Punjab National Bank Apps,1.04,214.29,1
2023-11-01,2023,11,Punjab Sind Bank Apps,0.03,14.19,1
2023-11-01,2023,11,RBL Bank Apps,2.23,639.97,1
2023-11-01,2023,11,SLICE,0.69,27.42,1
2023-11-01,2023,11,Samsung Pay,5.84,557.36,1
2023-11-01,2023,11,Shriram One,0.09,10.06,1
2023-11-01,2023,11,South Indian Bank Apps,0.25,74.07,1
2023-11-01,2023,11,Standard Chartered Bank Apps,4.39,506.93,1
2023-11-01,2023,11,State Bank of India Apps,5.38,2163.09,1
2023-11-01,2023,11,Tamilnad Mercantile Bank Apps,0.1,29.13,1
2023-11-01,2023,11,TataNeu,0.08,11.36,1
2023-11-01,2023,11,Timepay,0.04,1.2,1
2023-11-01,2023,11,UCO Bank Apps,0.26,81.93,1
2023-11-01,2023,11,Ultracash,0.08,5.5,1
2023-11-01,2023,11,Union Bank Apps,0.95,376.07,1
2023-11-01,2023,11,WhatsApp Pay,22.29,1917.47,1
2023-11-01,2023,11,Yes Bank Apps,26.06,11071.25,1
2023-11-01,2023,11,slice,1.58,359.47,1
2023-12-01,2023,12,AU Small Finance Bank Apps,0.68,252.89,1
2023-12-01,2023,12,Airtel Payments Bank Apps,12.54,883.36,1
2023-12-01,2023,12,Allahabad Bank Apps,0.03,7.01,1
2023-12-01,2023,12,Amazon Pay,54.16,5982.84,1
2023-12-01,2023,12,Axis Bank Apps,86.9,6100.01,1
2023-12-01,2023,12,BHIM,24.3,8431.47,1
2023-12-01,2023,12,Bajaj Finserv,18.08,2580.43,1
2023-12-01,2023,12,Bajaj Pay Wallet,0.32,72.38,1
2023-12-01,2023,12,Bank of Baroda Apps,1.05,464.08,1
2023-12-01,2023,12,Bank of India Apps,0.29,103.82,1
2023-12-01,2023,12,Bank of Maharashtra Apps,0.04,8.1,1
2023-12-01,2023,12,CBDC Apps,0.77,25.91,1
2023-12-01,2023,12,CRED,105.31,37293.27,1
2023-12-01,2023,12,Canara Bank Apps,2.55,719.5,1
2023-12-01,2023,12,Central Bank of India Apps,0.58,136.84,1
2023-12-01,2023,12,Citi Bank Apps,0.07,70.44,1
2023-12-01,2023,12,City Union Bank Apps,0.07,22.76,1
2023-12-01,2023,12,DBS Digibank Apps,0.79,246.94,1
2023-12-01,2023,12,DHANI,0.03,2.01,1
2023-12-01,2023,12,DIGIKHATA,0.07,25.8,1
2023-12-01,2023,12,Deutsche Bank Apps,3.71,223.36,1
2023-12-01,2023,12,Equitas Small Finance Bank Apps,0.03,21.86,1
2023-12-01,2023,12,FIFEDERAL,0.05,7.12,1
2023-12-01,2023,12,Fampay,34.23,392.53,1
2023-12-01,2023,12,Fave,0.06,4.28,1
2023-12-01,2023,12,Federal Bank Apps,5.95,745.41,1
2023-12-01,2023,12,Fino Payments bank Apps,0.27,26.7,1
2023-12-01,2023,12,GoKiwi,0.77,104.27,1
2023-12-01,2023,12,Google Pay,4375.29,629285.36,1
2023-12-01,2023,12,Groww,6.58,4039.81,1
2023-12-01,2023,12,HDFC Bank Apps,23.68,6095.54,1
2023-12-01,2023,12,HSBC Bank Apps,0.2,123.7,1
2023-12-01,2023,12,ICICI Bank Apps,40.09,20884.56,1
2023-12-01,2023,12,IDBI Bank Apps,0.07,38.61,1
2023-12-01,2023,12,IDFC Bank Apps,5.24,1306.5,1
2023-12-01,2023,12,INDIE - Indus Ind,0.2,35.32,1
2023-12-01,2023,12,India Post Payments Bank Apps,4.87,454.5,1
2023-12-01,2023,12,Indian Bank Apps,0.4,107.06,1
2023-12-01,2023,12,Indian Overseas Bank Apps,0.11,27.85,1
2023-12-01,2023,12,IndusInd Bank Apps,1.05,203.58,1
2023-12-01,2023,12,Jio Payments Bank Apps,1.35,125.06,1
2023-12-01,2023,12,Jupiter,4.86,656.67,1
2023-12-01,2023,12,Karnataka Bank Apps,0.72,144.89,1
2023-12-01,2023,12,Karur Vysya Bank Apps,0.04,13.69,1
2023-12-01,2023,12,Kotak Mahindra Bank Apps,26.36,4738.2,1
2023-12-01,2023,12,MakeMyTrip,0.04,22.2,1
2023-12-01,2023,12,Mobikwik,5.23,1618.83,1
2023-12-01,2023,12,NSDL Payments Bank Apps,0.04,6.36,1
2023-12-01,2023,12,Navi,0.69,43.86,1
2023-12-01,2023,12,Omnicard,1.16,36.26,1
2023-12-01,2023,12,Other,0.12,38.33,1
2023-12-01,2023,12,PAYTMWALLET,0.07,4.53,1
2023-12-01,2023,12,Paytm,1573.61,191555.71,1
2023-12-01,2023,12,PhonePe,5642.66,901006.65,1
2023-12-01,2023,12,Punjab National Bank Apps,1.26,276.47,1
2023-12-01,2023,12,RBL Bank Apps,2.14,753.23,1
2023-12-01,2023,12,SLICE,0.95,32.65,1
2023-12-01,2023,12,Samsung Pay,6.08,557.26,1
2023-12-01,2023,12,Shriram One,0.33,19.47,1
2023-12-01,2023,12,South Indian Bank Apps,0.3,86.96,1
2023-12-01,2023,12,Standard Chartered Bank Apps,3.63,406.63,1
2023-12-01,2023,12,State Bank of India Apps,6.16,2362.9,1
2023-12-01,2023,12,Tamilnad Mercantile Bank Apps,0.11,31.47,1
2023-12-01,2023,12,TataNeu,0.08,10.49,1
2023-12-01,2023,12,UCO Bank Apps,0.29,94.81,1
2023-12-01,2023,12,Ultracash,0.08,5.06,1
2023-12-01,2023,12,Union Bank Apps,1.02,405.74,1
2023-12-01,2023,12,WhatsApp Pay,25.25,2113.01,1
2023-12-01,2023,12,Yes Bank Apps,28.37,12368.87,1
2023-12-01,2023,12,slice,1.96,403.07,1
2024-01-01,2024,1,AU Small Finance Bank Apps,0.66,259.49,1
2024-01-01,2024,1,Airtel Payments Bank Apps,13.24,902.43,1
2024-01-01,2024,1,Allahabad Bank Apps,0.03,6.51,1
2024-01-01,2024,1,Amazon Pay,59.48,6288.95,1
2024-01-01,2024,1,Axis Bank Apps,80.17,5721.57,1
2024-01-01,2024,1,BHIM,29.98,8778.61,1
2024-01-01,2024,1,BPAYWALLET,0.43,88.49,1
2024-01-01,2024,1,Bajaj Finserv,19.87,2737.66,1
2024-01-01,2024,1,Bank of Baroda Apps,1.14,516.58,1
2024-01-01,2024,1,Bank of India Apps,0.29,108.18,1
2024-01-01,2024,1,Bank of Maharashtra Apps,0.04,8.06,1
2024-01-01,2024,1,CBDC Apps,0.88,48.08,1
2024-01-01,2024,1,CRED,108.86,38229.82,1
2024-01-01,2024,1,Canara Bank Apps,2.62,758.31,1
2024-01-01,2024,1,Central Bank of India Apps,0.63,150.41,1
2024-01-01,2024,1,Citi Bank Apps,0.08,79.39,1
2024-01-01,2024,1,City Union Bank Apps,0.08,25.49,1
2024-01-01,2024,1,DBS Digibank Apps,0.7,254.66,1
2024-01-01,2024,1,DHANI,0.04,2.71,1
2024-01-01,2024,1,Deutsche Bank Apps,3.89,294.63,1
2024-01-01,2024,1,Digikhata,0.08,30.34,1
2024-01-01,2024,1,Equitas Small Finance Bank Apps,0.03,23.19,1
2024-01-01,2024,1,FAM,36.62,418.33,1
2024-01-01,2024,1,FIFEDERAL,0.47,57.15,1
2024-01-01,2024,1,Federal Bank Apps,5.33,674.05,1
2024-01-01,2024,1,Fino Payments bank Apps,0.29,31.67,1
2024-01-01,2024,1,Gokiwi,0.74,105.76,1
2024-01-01,2024,1,Google Pay,4442.86,635945.58,1
2024-01-01,2024,1,Groww,9.41,6540.35,1
2024-01-01,2024,1,HDFC Bank Apps,30.98,5475.95,1
2024-01-01,2024,1,HSBC Bank Apps,0.2,118.0,1
2024-01-01,2024,1,ICICI Bank Apps,40.62,24115.98,1
2024-01-01,2024,1,IDBI Bank Apps,0.08,42.31,1
2024-01-01,2024,1,IDFC Bank Apps,5.47,1448.5,1
2024-01-01,2024,1,INDIE - Indus Ind,0.25,42.84,1
2024-01-01,2024,1,India Post Payments Bank Apps,4.69,461.95,1
2024-01-01,2024,1,Indian Bank Apps,1.29,322.39,1
2024-01-01,2024,1,Indian Overseas Bank Apps,0.11,29.92,1
2024-01-01,2024,1,Jio Payments Bank Apps,1.51,137.62,1
2024-01-01,2024,1,Jupiter,4.97,665.54,1
2024-01-01,2024,1,Jupiter Edge (LivQuick PPI),0.05,14.71,1
2024-01-01,2024,1,Karnataka Bank Apps,0.67,144.11,1
2024-01-01,2024,1,Karur Vysya Bank Apps,0.04,15.23,1
2024-01-01,2024,1,Kotak Mahindra Bank Apps,28.24,4981.01,1
2024-01-01,2024,1,MBK,0.39,57.77,1
2024-01-01,2024,1,MakeMyTrip,0.03,15.48,1
2024-01-01,2024,1,Mobikwik,5.19,1625.48,1
2024-01-01,2024,1,NSDL Payments Bank Apps,0.04,5.77,1
2024-01-01,2024,1,Navi,0.96,54.5,1
2024-01-01,2024,1,Omnicard,1.15,37.16,1
2024-01-01,2024,1,Other Apps,0.13,31.46,1
2024-01-01,2024,1,PAYTMWALLET,0.03,3.11,1
2024-01-01,2024,1,Paytm,1569.63,192614.74,1
2024-01-01,2024,1,PhonePe,5734.54,906793.76,1
2024-01-01,2024,1,Punjab National Bank Apps,1.32,335.6,1
2024-01-01,2024,1,RBL Bank Apps,3.35,786.52,1
2024-01-01,2024,1,SLICE,1.26,41.97,1
2024-01-01,2024,1,Samsung Pay,5.73,518.32,1
2024-01-01,2024,1,Shriram One,0.59,31.86,1
2024-01-01,2024,1,South Indian Bank Apps,0.33,105.23,1
2024-01-01,2024,1,Standard Chartered Bank Apps,3.68,746.46,1
2024-01-01,2024,1,State Bank of India Apps,6.13,2426.73,1
2024-01-01,2024,1,Tamilnad Mercantile Bank Apps,0.12,32.85,1
2024-01-01,2024,1,TataNeu,0.08,11.48,1
2024-01-01,2024,1,Timepay,0.03,0.33,1
2024-01-01,2024,1,UCO Bank Apps,0.21,76.62,1
2024-01-01,2024,1,Ultracash,0.08,5.95,1
2024-01-01,2024,1,Union Bank Apps,1.11,451.7,1
2024-01-01,2024,1,WhatsApp Pay,26.08,2132.83,1
2024-01-01,2024,1,Yes Bank Apps,23.28,11618.77,1
2024-01-01,2024,1,slice,2.01,407.98,1
2024-02-01,2024,2,Airtel Payments Bank Apps,14.07,1028.35,1
2024-02-01,2024,2,Amazon Pay,59.71,6278.02,1
2024-02-01,2024,2,Au Small Finance Bank Apps,0.73,276.63,1
2024-02-01,2024,2,Axis Bank Apps,30.93,8719.23,1
2024-02-01,2024,2,BHIM,56.16,9052.16,1
2024-02-01,2024,2,Bajaj Finserv,19.22,2984.7,1
2024-02-01,2024,2,Bank of Baroda Apps,0.76,369.24,1
2024-02-01,2024,2,Bank of India Apps,0.24,91.81,1
2024-02-01,2024,2,Bank of Maharashtra Apps,0.04,7.68,1
2024-02-01,2024,2,CBDC,0.94,64.13,1
2024-02-01,2024,2,CRED,111.53,38649.61,1
2024-02-01,2024,2,Canara Bank Apps,2.79,745.2,1
2024-02-01,2024,2,Central Bank of India Apps,0.72,165.64,1
2024-02-01,2024,2,Cheq,0.02,1.54,1
2024-02-01,2024,2,Citi Bank Apps,0.07,70.14,1
2024-02-01,2024,2,City Union Bank Apps,0.08,24.75,1
2024-02-01,2024,2,DBS Bank Apps,0.54,202.06,1
2024-02-01,2024,2,Deutsche Bank Apps,3.43,377.62,1
2024-02-01,2024,2,Dhani,0.05,3.38,1
2024-02-01,2024,2,Digikhata,0.1,35.77,1
2024-02-01,2024,2,Equitas Small Apps,0.04,24.46,1
2024-02-01,2024,2,FamPay by Trio,37.89,432.81,1
2024-02-01,2024,2,Fave,0.19,36.57,1
2024-02-01,2024,2,Federal Bank Apps,5.74,717.81,1
2024-02-01,2024,2,Fino Payments Bank Apps,0.3,38.14,1
2024-02-01,2024,2,Flipkart UPI,0.03,0.68,1
2024-02-01,2024,2,Freecharge,1.65,416.19,1
2024-02-01,2024,2,Google Pay,4508.12,637264.65,1
2024-02-01,2024,2,Groww,5.78,3042.87,1
2024-02-01,2024,2,HDFC Bank Apps,37.37,4355.55,1
2024-02-01,2024,2,HSBC Bank Apps,0.21,116.52,1
2024-02-01,2024,2,ICICI Bank Apps,38.92,19687.47,1
2024-02-01,2024,2,IDBI Bank Apps,0.06,32.49,1
2024-02-01,2024,2,IDFC First Bank Apps,5.54,1440.44,1
2024-02-01,2024,2,India Post Payments Bank Apps,5.38,608.29,1
2024-02-01,2024,2,Indian Bank Apps,0.42,160.09,1
2024-02-01,2024,2,Indian Overseas Bank Apps,0.11,29.06,1
2024-02-01,2024,2,IndusInd Bank Apps,1.46,272.43,1
2024-02-01,2024,2,Jio Payments Bank Apps,1.64,145.51,1
2024-02-01,2024,2,Jupiter Money,5.0,669.43,1
2024-02-01,2024,2,Karnataka Bank Apps,0.41,85.93,1
2024-02-01,2024,2,Karur Vysya Bank Apps,0.04,15.42,1
2024-02-01,2024,2,Kiwi,0.55,81.25,1
2024-02-01,2024,2,Kotak Mahindra Bank Apps,31.5,5127.03,1
2024-02-01,2024,2,LivQuik Apps,0.09,28.75,1
2024-02-01,2024,2,Mobikwik,6.28,1793.84,1
2024-02-01,2024,2,NSDL Payments Bank Apps,0.05,6.59,1
2024-02-01,2024,2,Navi,1.42,68.62,1
2024-02-01,2024,2,Niyo Global,0.02,4.04,1
2024-02-01,2024,2,Omnicard,1.15,38.18,1
2024-02-01,2024,2,Others,0.03,14.17,1
2024-02-01,2024,2,Paytm,1340.35,159569.47,1
2024-02-01,2024,2,PhonePe,5760.01,915586.0,1
2024-02-01,2024,2,Punjab And Sind Bank Apps,0.02,10.71,1
2024-02-01,2024,2,Punjab National Bank Apps,1.36,359.72,1
2024-02-01,2024,2,RBL Bank Apps,2.82,574.05,1
2024-02-01,2024,2,SBI Bank Apps,6.2,2351.46,1
2024-02-01,2024,2,Samsung Pay,5.61,494.57,1
2024-02-01,2024,2,Shri Ram One,0.35,31.2,1
2024-02-01,2024,2,Slice,3.98,471.27,1
2024-02-01,2024,2,South Indian Bank Apps,0.36,104.62,1
2024-02-01,2024,2,Standard Chartered Bank Apps,4.02,1587.3,1
2024-02-01,2024,2,Tamilnad Mercantile Bank Apps,0.12,32.14,1
2024-02-01,2024,2,Tata Neu,0.2,17.14,1
2024-02-01,2024,2,Timepay,0.42,3.95,1
2024-02-01,2024,2,UCO Bank Apps,0.17,61.26,1
2024-02-01,2024,2,Union Bank Of India Apps,1.2,483.59,1
2024-02-01,2024,2,WhatsApp Pay,26.76,2175.12,1
2024-02-01,2024,2,Yes Bank Apps,21.57,11344.81,1
2024-03-01,2024,3,AU Small Finance Bank Apps,0.78,279.91,1
2024-03-01,2024,3,Airtel Payments Bank Apps,16.01,1207.02,1
2024-03-01,2024,3,Allahabad Bank Apps,0.03,6.32,1
2024-03-01,2024,3,Amazon Pay,65.35,6772.89,1
2024-03-01,2024,3,Axis Bank Apps,94.6,7435.92,1
2024-03-01,2024,3,BHIM,30.04,8339.37,1
2024-03-01,2024,3,Bajaj Finserv,15.81,2803.2,1
2024-03-01,2024,3,Bank of Baroda Apps,0.95,426.81,1
2024-03-01,2024,3,Bank of India Apps,0.2,78.81,1
2024-03-01,2024,3,Bank of Maharashtra Apps,0.05,11.67,1
2024-03-01,2024,3,CRED,132.31,44991.57,1
2024-03-01,2024,3,Canara Bank Apps,3.1,798.84,1
2024-03-01,2024,3,Central Bank of India Apps,0.86,195.46,1
2024-03-01,2024,3,Citi Bank Apps,0.09,66.71,1
2024-03-01,2024,3,City Union Bank Apps,0.08,26.73,1
2024-03-01,2024,3,DBS Digibank Apps,0.51,203.18,1
2024-03-01,2024,3,Deutsche Bank Apps,3.3,453.59,1
2024-03-01,2024,3,Dhani,0.19,5.98,1
2024-03-01,2024,3,Digikhata,0.13,48.01,1
2024-03-01,2024,3,Equitas Small Finance Bank Apps,0.04,26.62,1
2024-03-01,2024,3,Fampay,43.69,528.01,1
2024-03-01,2024,3,Federal Bank Apps,6.11,806.46,1
2024-03-01,2024,3,Fino Payments bank Apps,0.39,50.97,1
2024-03-01,2024,3,Flipkart,5.0,197.24,1
2024-03-01,2024,3,Go Niyo,0.03,12.86,1
2024-03-01,2024,3,Gokiwi,0.7,100.1,1
2024-03-01,2024,3,Google Pay,5061.18,695196.05,1
2024-03-01,2024,3,Groww,6.72,3539.14,1
2024-03-01,2024,3,HDFC Bank Apps,35.03,7293.07,1
2024-03-01,2024,3,HSBC Bank Apps,0.31,138.22,1
2024-03-01,2024,3,ICICI Bank Apps,45.98,26496.95,1
2024-03-01,2024,3,IDFC Bank Apps,6.41,1581.28,1
2024-03-01,2024,3,India Post Payments Bank Apps,6.82,851.01,1
2024-03-01,2024,3,Indian Bank Apps,1.86,384.79,1
2024-03-01,2024,3,Indian Overseas Bank Apps,0.11,30.44,1
2024-03-01,2024,3,IndusInd Bank Apps,1.39,228.14,1
2024-03-01,2024,3,Jio Payments Bank Apps,1.87,161.87,1
2024-03-01,2024,3,Jupiter,5.57,709.07,1
2024-03-01,2024,3,Jupiter Edge,0.14,32.22,1
2024-03-01,2024,3,Karnataka Bank Apps,0.16,25.58,1
2024-03-01,2024,3,Karur Vysya Bank Apps,0.05,17.68,1
2024-03-01,2024,3,Kotak Mahindra Bank Apps,39.14,5763.37,1
2024-03-01,2024,3,MakeMyTrip,0.03,18.75,1
2024-03-01,2024,3,Mobikwik,8.27,2190.01,1
2024-03-01,2024,3,NSDL Payments Bank Apps,0.07,10.57,1
2024-03-01,2024,3,Navi,3.0,94.29,1
2024-03-01,2024,3,Omnicard,1.29,44.84,1
2024-03-01,2024,3,Other Apps,1.21,113.06,1
2024-03-01,2024,3,Paytm,1230.04,134406.85,1
2024-03-01,2024,3,PhonePe,6502.15,1002387.84,1
2024-03-01,2024,3,Punjab National Bank Apps,1.67,411.13,1
2024-03-01,2024,3,RBL Bank Apps,1.83,466.25,1
2024-03-01,2024,3,Samsung Pay,6.24,530.8,1
2024-03-01,2024,3,Shriram One,0.48,38.71,1
2024-03-01,2024,3,Slice,5.22,538.12,1
2024-03-01,2024,3,South Indian Bank Apps,0.4,120.88,1
2024-03-01,2024,3,Standard Chartered Bank Apps,0.19,116.88,1
2024-03-01,2024,3,State Bank of India Apps,6.63,2395.88,1
2024-03-01,2024,3,Tamilnad Mercantile Bank Apps,0.1,28.72,1
2024-03-01,2024,3,TataNeu,0.25,25.46,1
2024-03-01,2024,3,Timepay,1.37,18.52,1
2024-03-01,2024,3,UCO Bank Apps,0.18,56.32,1
2024-03-01,2024,3,Ultracash,0.09,6.57,1
2024-03-01,2024,3,Union Bank Apps,1.35,517.16,1
2024-03-01,2024,3,WhatsApp Pay,31.21,2536.99,1
2024-03-01,2024,3,Yes Bank Apps,24.45,13869.1,1
2024-04-01,2024,4,AU Small Finance Bank Apps,0.8,257.99,1
2024-04-01,2024,4,Airtel Payments Bank Apps,16.19,1244.14,1
2024-04-01,2024,4,Allahabad Bank Apps,0.02,6.18,1
2024-04-01,2024,4,Amazon Pay,64.33,6784.82,1
2024-04-01,2024,4,Axis Bank Apps,69.8,6483.24,1
2024-04-01,2024,4,BHIM,25.48,8670.52,1
2024-04-01,2024,4,Bajaj Finserv,10.29,1819.55,1
2024-04-01,2024,4,Bank of Baroda Apps,0.99,467.77,1
2024-04-01,2024,4,Bank of India Apps,0.21,87.25,1
2024-04-01,2024,4,Bank of Maharashtra Apps,0.06,14.06,1
2024-04-01,2024,4,CRED,138.46,43233.21,1
2024-04-01,2024,4,Canara Bank Apps,3.03,812.15,1
2024-04-01,2024,4,Central Bank of India Apps,0.89,204.45,1
2024-04-01,2024,4,Cheq,0.01,1.13,1
2024-04-01,2024,4,Citi Bank Apps,0.06,69.19,1
2024-04-01,2024,4,City Union Bank Apps,0.08,26.6,1
2024-04-01,2024,4,DBS Digibank Apps,0.47,182.89,1
2024-04-01,2024,4,Deutsche Bank Apps,3.28,441.58,1
2024-04-01,2024,4,Dhani,0.13,7.44,1
2024-04-01,2024,4,Digikhata,0.15,51.08,1
2024-04-01,2024,4,Equitas Small Finance Bank Apps,0.03,25.52,1
2024-04-01,2024,4,Fampay,46.64,588.0,1
2024-04-01,2024,4,Fave,0.02,1.16,1
2024-04-01,2024,4,Federal Bank Apps,6.14,821.8,1
2024-04-01,2024,4,Fino Payments bank Apps,0.35,49.47,1
2024-04-01,2024,4,Flipkart UPI,3.46,174.73,1
2024-04-01,2024,4,Go Kiwi,0.58,92.87,1
2024-04-01,2024,4,Go Niyo,0.04,16.77,1
2024-04-01,2024,4,Google Pay,5027.32,694189.68,1
2024-04-01,2024,4,Groww,8.02,5452.72,1
2024-04-01,2024,4,HDFC Bank Apps,35.99,7689.76,1
2024-04-01,2024,4,HSBC Bank Apps,0.32,126.59,1
2024-04-01,2024,4,ICICI Bank Apps,47.41,26638.88,1
2024-04-01,2024,4,IDBI Bank Apps,0.06,20.15,1
2024-04-01,2024,4,IDFC Bank Apps,6.45,1581.78,1
2024-04-01,2024,4,India Post Payments Bank Apps,5.08,687.52,1
2024-04-01,2024,4,Indian Bank Apps,1.5,317.4,1
2024-04-01,2024,4,Indian Overseas Bank Apps,0.11,30.1,1
2024-04-01,2024,4,IndusInd Bank Apps,1.06,191.9,1
2024-04-01,2024,4,Jio Payments Bank Apps,1.87,164.17,1
2024-04-01,2024,4,Jupiter,5.92,710.69,1
2024-04-01,2024,4,Jupiter Edge,0.14,22.88,1
2024-04-01,2024,4,Karnataka Bank Apps,0.15,27.18,1
2024-04-01,2024,4,Karur Vysya Bank Apps,0.05,18.94,1
2024-04-01,2024,4,Kotak Mahindra Bank Apps,41.54,6101.88,1
2024-04-01,2024,4,MakeMyTrip,0.04,19.32,1
2024-04-01,2024,4,Mobikwik,9.76,2248.19,1
2024-04-01,2024,4,NSDL Payments Bank Apps,0.08,11.88,1
2024-04-01,2024,4,Navi,15.1,402.92,1
2024-04-01,2024,4,Omnicard,1.06,37.27,1
2024-04-01,2024,4,Other Apps,1.18,112.6,1
2024-04-01,2024,4,Paytm,1117.13,122554.25,1
2024-04-01,2024,4,PhonePe,6500.14,1001679.63,1
2024-04-01,2024,4,Punjab National Bank Apps,1.66,419.99,1
2024-04-01,2024,4,Punjab Sind Bank Apps,0.03,12.15,1
2024-04-01,2024,4,RBL Bank Apps,1.57,646.29,1
2024-04-01,2024,4,Samsung Pay,6.3,527.4,1
2024-04-01,2024,4,Shriram One,0.4,37.49,1
2024-04-01,2024,4,Slice,7.51,608.62,1
2024-04-01,2024,4,South Indian Bank Apps,0.43,129.71,1
2024-04-01,2024,4,Standard Chartered Bank Apps,0.16,105.51,1
2024-04-01,2024,4,State Bank of India Apps,6.53,2386.79,1
2024-04-01,2024,4,Tamilnad Mercantile Bank Apps,0.09,24.69,1
2024-04-01,2024,4,TataNeu,0.32,34.06,1
2024-04-01,2024,4,Timepay,2.16,24.25,1
2024-04-01,2024,4,UCO Bank Apps,0.16,54.3,1
2024-04-01,2024,4,Ultracash,0.09,6.16,1
2024-04-01,2024,4,Union Bank Apps,1.25,525.02,1
2024-04-01,2024,4,WhatsApp Pay,34.12,2815.68,1
2024-04-01,2024,4,Yes Bank Apps,22.26,12009.4,1
2024-05-01,2024,5,AU Small Finance Bank Apps,0.82,249.6,1
2024-05-01,2024,5,Aditya Birla Capital Digital,0.05,1.84,1
2024-05-01,2024,5,Airtel Payments Bank Apps,17.29,1330.15,1
2024-05-01,2024,5,Amazon Pay,68.34,7419.41,1
2024-05-01,2024,5,Axis Bank Apps,64.08,5910.2,1
2024-05-01,2024,5,BHIM,23.43,8095.99,1
2024-05-01,2024,5,Bajaj Finserv,9.55,1685.51,1
2024-05-01,2024,5,Bank of Baroda Apps,1.02,463.85,1
2024-05-01,2024,5,Bank of India Apps,0.21,81.09,1
2024-05-01,2024,5,Bank of Maharashtra Apps,0.05,10.49,1
2024-05-01,2024,5,CRED,140.08,47547.15,1
2024-05-01,2024,5,Canara Bank Apps,3.06,828.58,1
2024-05-01,2024,5,Central Bank of India Apps,0.95,213.29,1
2024-05-01,2024,5,Citi Bank Apps,0.08,66.74,1
2024-05-01,2024,5,City Union Bank Apps,0.08,28.77,1
2024-05-01,2024,5,DBS Digibank Apps,0.48,193.09,1
2024-05-01,2024,5,Deutsche Bank Apps,2.34,369.42,1
2024-05-01,2024,5,Dhani,0.11,13.12,1
2024-05-01,2024,5,Digikhata,0.16,52.29,1
2024-05-01,2024,5,Equitas Small Finance Bank Apps,0.04,25.35,1
2024-05-01,2024,5,FamApp by Trio,50.1,630.89,1
2024-05-01,2024,5,Federal Bank Apps,5.95,811.83,1
2024-05-01,2024,5,Fino Payments bank Apps,0.38,53.86,1
2024-05-01,2024,5,Flipkart,4.44,251.85,1
2024-05-01,2024,5,Google Pay,5219.56,723315.7,1
2024-05-01,2024,5,Groww,10.15,7086.12,1
2024-05-01,2024,5,HDFC Bank Apps,35.43,8104.44,1
2024-05-01,2024,5,HSBC Bank Apps,0.37,144.11,1
2024-05-01,2024,5,ICICI Bank Apps,52.1,28444.03,1
2024-05-01,2024,5,IDBI Bank Apps,0.07,27.32,1
2024-05-01,2024,5,IDFC Bank Apps,6.99,1690.27,1
2024-05-01,2024,5,India Post Payments Bank Apps,5.67,703.81,1
2024-05-01,2024,5,Indian Bank Apps,1.55,329.58,1
2024-05-01,2024,5,Indian Overseas Bank Apps,0.12,34.43,1
2024-05-01,2024,5,IndusInd Bank Apps,0.36,74.41,1
2024-05-01,2024,5,Jammu and Kashmir Bank Apps,0.43,64.02,1
2024-05-01,2024,5,Jio Payments Bank Apps,2.02,170.98,1
2024-05-01,2024,5,Jupiter,6.07,769.1,1
2024-05-01,2024,5,Karnataka Bank Apps,0.16,30.0,1
2024-05-01,2024,5,Karur Vysya Bank Apps,0.05,20.63,1
2024-05-01,2024,5,Kiwi,0.18,36.03,1
2024-05-01,2024,5,Kotak Mahindra Bank Apps,43.41,6178.23,1
2024-05-01,2024,5,MakeMyTrip,0.04,18.12,1
2024-05-01,2024,5,Mobikwik,11.12,2536.09,1
2024-05-01,2024,5,NSDL Payments Bank Apps,0.07,12.71,1
2024-05-01,2024,5,Navi,29.72,958.09,1
2024-05-01,2024,5,Niyo Global,0.04,22.56,1
2024-05-01,2024,5,OmniCard,1.24,45.65,1
2024-05-01,2024,5,Other Apps,1.29,148.93,1
2024-05-01,2024,5,Paytm,1140.01,124704.8,1
2024-05-01,2024,5,PhonePe,6831.92,1033588.8,1
2024-05-01,2024,5,Punjab National Bank Apps,1.74,444.5,1
2024-05-01,2024,5,Punjab Sind Bank Apps,0.03,12.97,1
2024-05-01,2024,5,RBL Bank Apps,2.24,931.34,1
2024-05-01,2024,5,Samsung Pay,6.56,547.28,1
2024-05-01,2024,5,Shriram One,0.29,36.28,1
2024-05-01,2024,5,Slice,9.05,646.12,1
2024-05-01,2024,5,South Indian Bank Apps,0.47,141.47,1
2024-05-01,2024,5,Standard Chartered Bank Apps,0.16,114.42,1
2024-05-01,2024,5,State Bank of India Apps,7.12,2494.2,1
2024-05-01,2024,5,Tamilnad Mercantile Bank Apps,0.08,25.66,1
2024-05-01,2024,5,TataNeu,0.18,25.1,1
2024-05-01,2024,5,Timepay,1.61,17.69,1
2024-05-01,2024,5,UCO Bank Apps,0.2,65.61,1
2024-05-01,2024,5,Ultracash,0.09,6.19,1
2024-05-01,2024,5,Union Bank Apps,1.19,505.24,1
2024-05-01,2024,5,WhatsApp Pay,36.45,2938.72,1
2024-05-01,2024,5,Yes Bank Apps,22.75,10971.64,1
2024-06-01,2024,6,AU Small Finance Bank Apps,0.76,227.63,1
2024-06-01,2024,6,Aditya Birla Capital Digital,0.07,3.45,1
2024-06-01,2024,6,Airtel Payments Bank Apps,15.76,1192.07,1
2024-06-01,2024,6,Amazon Pay,67.07,7377.3,1
2024-06-01,2024,6,Axis Bank Apps,75.07,6614.04,1
2024-06-01,2024,6,BHIM,22.72,7965.69,1
2024-06-01,2024,6,Bajaj Finserv,8.23,1852.43,1
2024-06-01,2024,6,Bank of Baroda Apps,1.03,450.62,1
2024-06-01,2024,6,Bank of India Apps,0.1,38.05,1
2024-06-01,2024,6,Bank of Maharashtra Apps,0.05,11.11,1
2024-06-01,2024,6,CRED,138.42,45720.01,1
2024-06-01,2024,6,Canara Bank Apps,2.88,793.85,1
2024-06-01,2024,6,Central Bank of India Apps,0.83,188.63,1
2024-06-01,2024,6,Citi Bank Apps,0.07,70.51,1
2024-06-01,2024,6,City Union Bank Apps,0.08,28.66,1
2024-06-01,2024,6,DBS Digibank Apps,0.5,198.68,1
2024-06-01,2024,6,Deutsche Bank Apps,2.25,334.12,1
2024-06-01,2024,6,Dhani,0.11,13.84,1
2024-06-01,2024,6,Digikhata,0.19,63.31,1
2024-06-01,2024,6,Equitas Small Finance Bank Apps,0.04,26.25,1
2024-06-01,2024,6,FamApp by Trio,50.78,641.36,1
2024-06-01,2024,6,Federal Bank Apps,5.67,790.57,1
2024-06-01,2024,6,Fino Payments bank Apps,0.41,55.79,1
2024-06-01,2024,6,Flipkart UPI,5.97,337.24,1
2024-06-01,2024,6,Google Pay,5103.99,707241.27,1
2024-06-01,2024,6,Groww,11.26,9094.72,1
2024-06-01,2024,6,HDFC Bank Apps,34.6,8167.3,1
2024-06-01,2024,6,HSBC Bank Apps,0.4,148.09,1
2024-06-01,2024,6,ICICI Bank Apps,51.65,29996.18,1
2024-06-01,2024,6,IDBI Bank Apps,0.07,27.06,1
2024-06-01,2024,6,IDFC Bank Apps,7.33,1654.91,1
2024-06-01,2024,6,India Post Payments Bank Apps,6.01,732.1,1
2024-06-01,2024,6,Indian Bank Apps,1.73,330.47,1
2024-06-01,2024,6,Indian Overseas Bank Apps,0.13,37.62,1
2024-06-01,2024,6,IndusInd Bank Apps,0.43,117.86,1
2024-06-01,2024,6,Jammu and Kashmir Bank Apps,0.75,97.58,1
2024-06-01,2024,6,Jio Payments Bank Apps,2.33,186.62,1
2024-06-01,2024,6,Jupiter Money,5.63,750.68,1
2024-06-01,2024,6,Karnataka Bank Apps,0.18,33.55,1
2024-06-01,2024,6,Karur Vysya Bank Apps,0.05,18.73,1
2024-06-01,2024,6,Kiwi,0.15,31.43,1
2024-06-01,2024,6,Kotak Mahindra Bank Apps,42.65,6073.08,1
2024-06-01,2024,6,Mobikwik,11.59,2564.79,1
2024-06-01,2024,6,NSDL Payments Bank Apps,0.06,10.09,1
2024-06-01,2024,6,Navi,35.72,1769.66,1
2024-06-01,2024,6,Niyo Global,0.05,24.78,1
2024-06-01,2024,6,OmniCard,1.28,53.41,1
2024-06-01,2024,6,Other Apps,1.54,184.11,1
2024-06-01,2024,6,POPClub,0.07,4.87,1
2024-06-01,2024,6,Paytm,1104.89,120840.45,1
2024-06-01,2024,6,PhonePe,6716.09,1009064.99,1
2024-06-01,2024,6,Punjab National Bank Apps,1.8,472.48,1
2024-06-01,2024,6,Punjab Sind Bank Apps,0.03,12.38,1
2024-06-01,2024,6,RBL Bank Apps,1.75,785.07,1
2024-06-01,2024,6,Samsung Pay,6.38,542.12,1
2024-06-01,2024,6,Shriram One,0.28,37.04,1
2024-06-01,2024,6,Slice,7.86,634.47,1
2024-06-01,2024,6,South Indian Bank Apps,0.49,144.78,1
2024-06-01,2024,6,Standard Chartered Bank Apps,0.17,117.35,1
2024-06-01,2024,6,State Bank of India Apps,7.22,2426.08,1
2024-06-01,2024,6,Suryoday,0.14,0.02,1
2024-06-01,2024,6,Tamilnad Mercantile Bank Apps,0.08,26.21,1
2024-06-01,2024,6,TataNeu,0.16,23.31,1
2024-06-01,2024,6,Timepay,1.82,20.2,1
2024-06-01,2024,6,UCO Bank Apps,0.22,67.4,1
2024-06-01,2024,6,Ultracash,0.09,6.51,1
2024-06-01,2024,6,Union Bank Apps,1.06,461.02,1
2024-06-01,2024,6,WhatsApp Pay,37.18,2923.79,1
2024-06-01,2024,6,Yes Bank Apps,22.55,9317.05,1
2024-06-01,2024,6,super.money,0.13,5.04,1
2024-07-01,2024,7,AU Small Finance Bank Apps,0.66,202.05,1
2024-07-01,2024,7,Aditya Birla Capital Digital Limited,0.08,3.7,1
2024-07-01,2024,7,Airtel Payments Bank Apps,17.48,1210.32,1
2024-07-01,2024,7,Allahabad Bank Apps,0.02,5.19,1
2024-07-01,2024,7,Amazon Pay,72.41,7995.92,1
2024-07-01,2024,7,Axis Bank Apps,108.57,6335.06,1
2024-07-01,2024,7,BHIM,24.64,8756.73,1
2024-07-01,2024,7,Bajaj Finserv,9.9,2309.58,1
2024-07-01,2024,7,Bank of Baroda Apps,1.07,477.99,1
2024-07-01,2024,7,Bank of India Apps,0.08,20.12,1
2024-07-01,2024,7,Bank of Maharashtra Apps,0.06,13.27,1
2024-07-01,2024,7,CRED,142.56,48998.89,1
2024-07-01,2024,7,Canara Bank Apps,3.04,834.74,1
2024-07-01,2024,7,Central Bank of India Apps,0.83,180.98,1
2024-07-01,2024,7,Citi Bank Apps,0.07,34.54,1
2024-07-01,2024,7,City Union Bank Apps,0.08,28.82,1
2024-07-01,2024,7,DBS Digibank Apps,0.53,206.03,1
2024-07-01,2024,7,Deutsche Bank Apps,2.44,344.53,1
2024-07-01,2024,7,Dhani,0.11,15.91,1
2024-07-01,2024,7,Digikhata,0.26,83.11,1
2024-07-01,2024,7,Equitas Small Finance Bank Apps,0.04,28.2,1
2024-07-01,2024,7,Fampay by Trio,52.04,639.44,1
2024-07-01,2024,7,Federal Bank Apps,8.63,1309.35,1
2024-07-01,2024,7,Fino Payments bank Apps,0.44,58.11,1
2024-07-01,2024,7,Flipkart UPI,7.12,422.36,1
2024-07-01,2024,7,Google Pay,5341.23,735159.2,1
2024-07-01,2024,7,Groww,15.18,12129.34,1
2024-07-01,2024,7,HDFC Bank Apps,35.28,8747.5,1
2024-07-01,2024,7,HSBC Bank Apps,0.44,152.15,1
2024-07-01,2024,7,ICICI Bank Apps,52.91,28529.39,1
2024-07-01,2024,7,IDBI Bank Apps,0.08,32.92,1
2024-07-01,2024,7,IDFC Bank Apps,7.63,1725.98,1
2024-07-01,2024,7,India Post Payments Bank Apps,6.43,826.31,1
2024-07-01,2024,7,Indian Bank Apps,1.95,344.83,1
2024-07-01,2024,7,Indian Overseas Bank Apps,0.15,45.13,1
2024-07-01,2024,7,IndusInd Bank Apps,0.38,101.12,1
2024-07-01,2024,7,Jammu and Kashmir Bank Apps,0.87,111.92,1
2024-07-01,2024,7,Jio Payments Bank Apps,2.53,199.65,1
2024-07-01,2024,7,Jupiter Money,5.76,781.04,1
2024-07-01,2024,7,Karnataka Bank Apps,0.19,39.14,1
2024-07-01,2024,7,Karur Vysya Bank Apps,0.06,20.69,1
2024-07-01,2024,7,Kiwi,0.15,30.35,1
2024-07-01,2024,7,Kotak Mahindra Bank Apps,44.8,6488.28,1
2024-07-01,2024,7,Mobikwik,9.11,2431.73,1
2024-07-01,2024,7,NSDL Payments Bank Apps,0.07,10.63,1
2024-07-01,2024,7,Navi,68.47,3574.61,1
2024-07-01,2024,7,Niyo Global,0.06,28.59,1
2024-07-01,2024,7,Omnicard,1.2,54.57,1
2024-07-01,2024,7,Other Apps,1.48,195.85,1
2024-07-01,2024,7,POPClub,0.45,34.71,1
2024-07-01,2024,7,Paytm,1128.97,123467.33,1
2024-07-01,2024,7,PhonePe,6983.97,1028799.39,1
2024-07-01,2024,7,Punjab National Bank Apps,2.15,563.99,1
2024-07-01,2024,7,Punjab Sind Bank Apps,0.03,14.96,1
2024-07-01,2024,7,RBL Bank Apps,1.46,354.77,1
2024-07-01,2024,7,Rapi Pay,0.04,5.95,1
2024-07-01,2024,7,Samsung Pay,6.6,558.51,1
2024-07-01,2024,7,Shri Ram One,0.3,35.64,1
2024-07-01,2024,7,Slice,9.41,708.27,1
2024-07-01,2024,7,South Indian Bank Apps,0.56,159.32,1
2024-07-01,2024,7,Standard Chartered Bank Apps,0.17,116.72,1
2024-07-01,2024,7,State Bank of India Apps,8.06,2691.74,1
2024-07-01,2024,7,Suryoday Bank Apps,0.13,0.03,1
2024-07-01,2024,7,Tamilnad Mercantile Bank Apps,0.08,24.19,1
2024-07-01,2024,7,TataNeu,0.17,26.16,1
2024-07-01,2024,7,Timepay,2.16,20.52,1
2024-07-01,2024,7,UCO Bank Apps,0.24,69.95,1
2024-07-01,2024,7,Ultracash,0.1,7.35,1
2024-07-01,2024,7,Union Bank Apps,1.28,530.92,1
2024-07-01,2024,7,WhatsApp Pay,41.39,3215.18,1
2024-07-01,2024,7,Yes Bank Apps,24.08,9583.2,1
2024-07-01,2024,7,super.money,2.5,75.7,1
2024-08-01,2024,8,AU Small Finance Bank Apps,0.53,155.57,1
2024-08-01,2024,8,Aditya Birla Capital Digital,0.51,16.36,1
2024-08-01,2024,8,Airtel Payments Bank Apps,17.56,1221.86,1
2024-08-01,2024,8,Allahabad Bank Apps,0.02,5.13,1
2024-08-01,2024,8,Amazon Pay,70.72,7744.21,1
2024-08-01,2024,8,Axis Bank Apps,113.97,5834.35,1
2024-08-01,2024,8,BHIM,25.94,8363.28,1
2024-08-01,2024,8,Bajaj Finserv,11.01,2639.91,1
2024-08-01,2024,8,Bank of Baroda Apps,1.13,449.45,1
2024-08-01,2024,8,Bank of India Apps,0.11,28.04,1
2024-08-01,2024,8,CRED,147.48,50720.89,1
2024-08-01,2024,8,Canara Bank Apps,3.1,810.75,1
2024-08-01,2024,8,Central Bank of India Apps,0.85,173.27,1
2024-08-01,2024,8,City Union Bank Apps,0.08,29.36,1
2024-08-01,2024,8,DBS Digibank Apps,0.52,199.46,1
2024-08-01,2024,8,Deutsche Bank Apps,3.73,369.45,1
2024-08-01,2024,8,Dhani,0.12,15.89,1
2024-08-01,2024,8,Digikhata,0.33,110.14,1
2024-08-01,2024,8,Equitas Small Finance Bank Apps,0.04,26.4,1
2024-08-01,2024,8,Fam Pay by Trio,57.16,686.06,1
2024-08-01,2024,8,Federal Bank Apps,6.25,901.05,1
2024-08-01,2024,8,Fino Payments bank Apps,0.46,54.37,1
2024-08-01,2024,8,Flipkart UPI,8.6,468.99,1
2024-08-01,2024,8,Google Pay,5592.45,742223.07,1
2024-08-01,2024,8,Groww,13.65,9693.95,1
2024-08-01,2024,8,HDFC Bank Apps,36.0,8835.19,1
2024-08-01,2024,8,HSBC Bank Apps,0.49,168.59,1
2024-08-01,2024,8,ICICI Bank Apps,51.31,21309.33,1
2024-08-01,2024,8,IDBI Bank Apps,0.09,33.76,1
2024-08-01,2024,8,IDFC Bank Apps,8.01,1768.92,1
2024-08-01,2024,8,India Post Payments Bank Apps,7.04,906.0,1
2024-08-01,2024,8,Indian Bank Apps,2.26,373.75,1
2024-08-01,2024,8,Indian Overseas Bank Apps,0.17,46.55,1
2024-08-01,2024,8,IndusInd Bank Apps,0.37,101.49,1
2024-08-01,2024,8,Jammu and Kashmir Bank Apps,0.93,122.73,1
2024-08-01,2024,8,Jio Payments Bank Apps,2.62,201.6,1
2024-08-01,2024,8,Jupiter Money,6.04,807.39,1
2024-08-01,2024,8,Karnataka Bank Apps,0.19,39.14,1
2024-08-01,2024,8,Karur Vysya Bank Apps,0.06,21.0,1
2024-08-01,2024,8,Kiwi,0.29,37.8,1
2024-08-01,2024,8,Kotak Mahindra Bank Apps,46.94,6349.0,1
2024-08-01,2024,8,Mobikwik,14.94,3012.52,1
2024-08-01,2024,8,NSDL Payments Bank Apps,0.08,11.72,1
2024-08-01,2024,8,Navi,88.71,4651.32,1
2024-08-01,2024,8,Niyo Global,0.08,40.29,1
2024-08-01,2024,8,OmniCard,1.21,61.66,1
2024-08-01,2024,8,Others,1.82,230.58,1
2024-08-01,2024,8,Paytm,1078.9,113672.17,1
2024-08-01,2024,8,PhonePe,7236.49,1033264.34,1
2024-08-01,2024,8,Pop Club,0.77,72.62,1
2024-08-01,2024,8,Punjab National Bank Apps,2.57,595.26,1
2024-08-01,2024,8,Punjab Sind Bank Apps,0.03,13.83,1
2024-08-01,2024,8,RBL Bank Apps,1.55,554.3,1
2024-08-01,2024,8,Rapi Pay,0.06,9.04,1
2024-08-01,2024,8,Samsung Pay,7.14,567.24,1
2024-08-01,2024,8,Shri Ram One,0.33,37.87,1
2024-08-01,2024,8,South Indian Bank Apps,0.62,168.87,1
2024-08-01,2024,8,Standard Chartered Bank Apps,0.18,116.68,1
2024-08-01,2024,8,State Bank of India Apps,9.0,2827.84,1
2024-08-01,2024,8,Suryoday Bank Apps,0.21,0.02,1
2024-08-01,2024,8,Tamilnad Mercantile Bank Apps,0.08,24.17,1
2024-08-01,2024,8,TataNeu,0.18,28.51,1
2024-08-01,2024,8,Timepay,1.29,12.9,1
2024-08-01,2024,8,UCO Bank Apps,0.24,53.95,1
2024-08-01,2024,8,Ultracash,0.12,8.68,1
2024-08-01,2024,8,Union Bank Apps,1.27,468.83,1
2024-08-01,2024,8,WhatsApp Pay,45.43,3421.99,1
2024-08-01,2024,8,Yes Bank Apps,26.3,9717.22,1
2024-08-01,2024,8,slice,10.53,775.67,1
2024-08-01,2024,8,super.money,11.63,385.77,1
2024-09-01,2024,9,AU Small Finance Bank Apps,0.46,136.87,1
2024-09-01,2024,9,Aditya Birla Capital Digital,0.72,32.26,1
2024-09-01,2024,9,Airtel Payments Bank Apps,17.41,1278.38,1
2024-09-01,2024,9,Allahabad Bank Apps,0.02,5.54,1
2024-09-01,2024,9,Amazon Pay,70.98,7845.04,1
2024-09-01,2024,9,Axis Bank Apps,120.38,5986.48,1
2024-09-01,2024,9,BHIM,26.39,8466.3,1
2024-09-01,2024,9,Bajaj Finserv,11.15,2711.55,1
2024-09-01,2024,9,Bank of Baroda Apps,1.12,452.89,1
2024-09-01,2024,9,Bank of India Apps,0.15,35.33,1
2024-09-01,2024,9,Bharat Pe,0.06,6.03,1
2024-09-01,2024,9,CRED,140.0,47982.71,1
2024-09-01,2024,9,Canara Bank Apps,3.04,799.52,1
2024-09-01,2024,9,Central Bank of India Apps,0.97,189.93,1
2024-09-01,2024,9,Citi Bank Apps,0.03,1.93,1
2024-09-01,2024,9,City Union Bank Apps,0.07,27.34,1
2024-09-01,2024,9,DBS Digibank Apps,0.52,200.42,1
2024-09-01,2024,9,Deutsche Bank Apps,3.05,348.9,1
2024-09-01,2024,9,Dhani,0.13,15.76,1
2024-09-01,2024,9,Digikhata,0.38,122.41,1
2024-09-01,2024,9,Equitas Small Finance Bank Apps,0.03,24.45,1
2024-09-01,2024,9,Fam App by Trio,61.05,714.29,1
2024-09-01,2024,9,Federal Bank Apps,6.3,918.67,1
2024-09-01,2024,9,Fino Payments bank Apps,0.49,57.89,1
2024-09-01,2024,9,Flipkart UPI,12.85,734.8,1
2024-09-01,2024,9,Freo Money,0.04,1.91,1
2024-09-01,2024,9,Google Pay,5625.22,746690.05,1
2024-09-01,2024,9,Groww,13.46,9526.49,1
2024-09-01,2024,9,HDFC Bank Apps,36.14,8997.11,1
2024-09-01,2024,9,HSBC Bank Apps,0.51,153.54,1
2024-09-01,2024,9,ICICI Bank Apps,53.59,21076.12,1
2024-09-01,2024,9,IDBI Bank Apps,0.09,34.69,1
2024-09-01,2024,9,IDFC Bank Apps,8.33,1838.99,1
2024-09-01,2024,9,India Post Payments Bank Apps,6.96,908.78,1
2024-09-01,2024,9,Indian Bank Apps,2.69,424.89,1
2024-09-01,2024,9,Indian Overseas Bank Apps,0.17,48.02,1
2024-09-01,2024,9,IndusInd Bank Apps,0.36,90.58,1
2024-09-01,2024,9,Jammu and Kashmir Bank Apps,0.77,118.94,1
2024-09-01,2024,9,Jio Payments Bank Apps,2.79,212.23,1
2024-09-01,2024,9,Jupiter Money,6.13,810.01,1
2024-09-01,2024,9,Karnataka Bank Apps,0.15,31.93,1
2024-09-01,2024,9,Karur Vysya Bank Apps,0.05,16.83,1
2024-09-01,2024,9,Kiwi,0.29,44.31,1
2024-09-01,2024,9,Kotak Mahindra Bank Apps,47.14,6413.16,1
2024-09-01,2024,9,Mobikwik,16.07,2964.08,1
2024-09-01,2024,9,NSDL Payments Bank Apps,0.08,10.6,1
2024-09-01,2024,9,Navi,120.41,6549.1,1
2024-09-01,2024,9,Niyo Global,0.09,49.74,1
2024-09-01,2024,9,OmniCard,1.31,74.96,1
2024-09-01,2024,9,One Card,0.05,27.93,1
2024-09-01,2024,9,Others,1.86,208.36,1
2024-09-01,2024,9,Paytm,1064.62,113351.54,1
2024-09-01,2024,9,PhonePe,7221.22,1030871.0,1
2024-09-01,2024,9,Pop Club,1.81,131.2,1
2024-09-01,2024,9,Punjab National Bank Apps,2.74,606.83,1
2024-09-01,2024,9,Punjab Sind Bank Apps,0.03,16.39,1
2024-09-01,2024,9,RBL Bank Apps,1.66,603.44,1
2024-09-01,2024,9,Rapi Pay,0.06,9.55,1
2024-09-01,2024,9,Salary Se,0.04,1.78,1
2024-09-01,2024,9,Samsung Pay,7.33,564.5,1
2024-09-01,2024,9,Shri Ram One,0.35,42.33,1
2024-09-01,2024,9,South Indian Bank Apps,0.6,169.06,1
2024-09-01,2024,9,Standard Chartered Bank Apps,0.17,108.86,1
2024-09-01,2024,9,State Bank of India Apps,9.8,2883.42,1
2024-09-01,2024,9,Suryoday Bank Apps,0.29,0.03,1
2024-09-01,2024,9,Tamilnad Mercantile Bank Apps,0.07,22.04,1
2024-09-01,2024,9,TataNeu,0.21,40.5,1
2024-09-01,2024,9,Timepay,1.74,15.26,1
2024-09-01,2024,9,True Balance,0.05,6.37,1
2024-09-01,2024,9,UCO Bank Apps,0.26,59.89,1
2024-09-01,2024,9,Ultracash,0.12,8.71,1
2024-09-01,2024,9,Union Bank Apps,0.62,212.37,1
2024-09-01,2024,9,WhatsApp Pay,48.75,3586.71,1
2024-09-01,2024,9,Yes Bank Apps,31.27,9777.48,1
2024-09-01,2024,9,slice,10.62,792.06,1
2024-09-01,2024,9,super.money,25.75,1131.59,1
2024-10-01,2024,10,AU Small Finance Bank Apps,0.49,146.98,1
2024-10-01,2024,10,Aditya Birla Capital Digital,0.97,37.97,1
2024-10-01,2024,10,Airtel Payments Bank Apps,20.03,1504.36,1
2024-10-01,2024,10,Amazon Pay,79.55,9205.72,1
2024-10-01,2024,10,Axis Bank Apps,139.68,6829.53,1
2024-10-01,2024,10,BHIM,29.9,10170.6,1
2024-10-01,2024,10,Bajaj Finserv,10.66,2330.26,1
2024-10-01,2024,10,Bank of Baroda Apps,1.16,499.63,1
2024-10-01,2024,10,Bank of India Apps,0.2,45.85,1
2024-10-01,2024,10,Bharat Pe,0.05,7.27,1
2024-10-01,2024,10,CRED,152.28,55202.12,1
2024-10-01,2024,10,Canara Bank Apps,3.27,898.89,1
2024-10-01,2024,10,Central Bank of India Apps,1.11,219.02,1
2024-10-01,2024,10,Cheq,0.02,1.62,1
2024-10-01,2024,10,City Union Bank Apps,0.08,29.97,1
2024-10-01,2024,10,DBS Digibank Apps,0.61,214.82,1
2024-10-01,2024,10,Deutsche Bank Apps,2.58,395.32,1
2024-10-01,2024,10,Dhani,0.13,14.62,1
2024-10-01,2024,10,Digikhata,0.46,166.18,1
2024-10-01,2024,10,ESAF Small Finance Bank Apps,0.06,8.57,1
2024-10-01,2024,10,Equitas Small Finance Bank Apps,0.04,29.7,1
2024-10-01,2024,10,FamApp by Trio,69.9,825.19,1
2024-10-01,2024,10,Federal Bank Apps,2.96,542.57,1
2024-10-01,2024,10,Fi Money,3.44,421.4,1
2024-10-01,2024,10,Fino Payments Bank Apps,0.58,70.11,1
2024-10-01,2024,10,Flipkart UPI,14.62,825.95,1
2024-10-01,2024,10,Freo,0.05,2.7,1
2024-10-01,2024,10,Google Pay,6201.81,849327.38,1
2024-10-01,2024,10,Groww,15.35,11862.09,1
2024-10-01,2024,10,HDFC Bank Apps,39.41,10427.97,1
2024-10-01,2024,10,HSBC Bank Apps,0.68,179.35,1
2024-10-01,2024,10,ICICI Bank Apps,57.54,23686.95,1
2024-10-01,2024,10,IDBI Bank Apps,0.08,29.72,1
2024-10-01,2024,10,IDFC Bank Apps,9.33,2162.85,1
2024-10-01,2024,10,India Post Payments Bank Apps,10.11,1507.56,1
2024-10-01,2024,10,Indian Bank Apps,3.11,513.43,1
2024-10-01,2024,10,Indian Overseas Bank Apps,0.2,56.07,1
2024-10-01,2024,10,IndusInd Bank Apps,0.36,93.29,1
2024-10-01,2024,10,Jammu and Kashmir Bank Apps,0.83,144.0,1
2024-10-01,2024,10,Jio Payments Bank Apps,3.23,269.69,1
2024-10-01,2024,10,Jupiter Money,6.36,873.89,1
2024-10-01,2024,10,Karnataka Bank Apps,0.16,34.88,1
2024-10-01,2024,10,Karur Vysya Bank Apps,0.05,18.4,1
2024-10-01,2024,10,Kiwi,0.41,66.74,1
2024-10-01,2024,10,Kotak Mahindra Bank Apps,51.92,7565.22,1
2024-10-01,2024,10,Mobikwik,17.2,2995.42,1
2024-10-01,2024,10,NSDL Payments Bank Apps,0.09,12.1,1
2024-10-01,2024,10,Navi,157.51,8841.9,1
2024-10-01,2024,10,Niyo Global,0.1,55.57,1
2024-10-01,2024,10,Omni Card,1.49,96.52,1
2024-10-01,2024,10,One Card,0.29,261.08,1
2024-10-01,2024,10,Others,1.76,224.84,1
2024-10-01,2024,10,Paytm,1165.01,129584.98,1
2024-10-01,2024,10,PhonePe,7905.54,1169290.03,1
2024-10-01,2024,10,Pop Club,2.93,209.84,1
2024-10-01,2024,10,Punjab National Bank Apps,3.31,785.24,1
2024-10-01,2024,10,Punjab Sind Bank Apps,0.03,16.46,1
2024-10-01,2024,10,RBL Bank Apps,2.88,723.15,1
2024-10-01,2024,10,Rapipay,0.08,11.38,1
2024-10-01,2024,10,Salary Se,0.07,3.95,1
2024-10-01,2024,10,Samsung Pay,8.56,664.7,1
2024-10-01,2024,10,Shri Ram One,0.47,47.25,1
2024-10-01,2024,10,Slice,12.19,907.37,1
2024-10-01,2024,10,South Indian Bank Apps,0.61,179.8,1
2024-10-01,2024,10,Standard Chartered Bank Apps,0.2,131.83,1
2024-10-01,2024,10,State Bank of India Apps,11.73,3527.88,1
2024-10-01,2024,10,Suryoday Bank Apps,0.26,0.05,1
2024-10-01,2024,10,Tamilnad Mercantile Bank Apps,0.07,24.55,1
2024-10-01,2024,10,Tata Neu,0.31,74.8,1
2024-10-01,2024,10,Timepay,2.15,18.6,1
2024-10-01,2024,10,True Balance,0.13,16.51,1
2024-10-01,2024,10,UCO Bank Apps,0.31,77.02,1
2024-10-01,2024,10,Ultracash,0.09,5.94,1
2024-10-01,2024,10,Union Bank Apps,0.8,282.02,1
2024-10-01,2024,10,WhatsApp Pay,55.07,4137.17,1
2024-10-01,2024,10,Yes Bank Apps,36.79,10245.47,1
2024-10-01,2024,10,super.money,49.68,2167.86,1
2024-11-01,2024,11,AU Small Finance Bank Apps,0.45,134.47,1
2024-11-01,2024,11,Aditya Birla Capital Digital,0.66,30.09,1
2024-11-01,2024,11,Airtel Payments Bank Apps,18.6,1389.73,1
2024-11-01,2024,11,Amazon Pay,71.6,7914.87,1
2024-11-01,2024,11,Axis Bank Apps,130.36,6337.84,1
2024-11-01,2024,11,BHIM,27.05,8210.65,1
2024-11-01,2024,11,Bajaj Finserv,8.1,1584.15,1
2024-11-01,2024,11,Bank of Baroda Apps,1.01,389.1,1
2024-11-01,2024,11,Bank of India Apps,0.2,55.8,1
2024-11-01,2024,11,Bharat Pe,0.07,8.29,1
2024-11-01,2024,11,CRED,138.24,50560.48,1
2024-11-01,2024,11,Canara Bank Apps,3.01,802.16,1
2024-11-01,2024,11,Central Bank of India Apps,1.06,197.17,1
2024-11-01,2024,11,Cheq,0.03,1.84,1
2024-11-01,2024,11,City Union Bank Apps,0.07,26.24,1
2024-11-01,2024,11,DBS Digibank Apps,0.57,191.73,1
2024-11-01,2024,11,Deutsche Bank Apps,2.68,401.03,1
2024-11-01,2024,11,Dhani,0.13,13.25,1
2024-11-01,2024,11,Digikhata,0.46,156.43,1
2024-11-01,2024,11,ESAF Small Finance Bank Apps,0.12,14.69,1
2024-11-01,2024,11,Equitas Small Finance Bank Apps,0.03,25.69,1
2024-11-01,2024,11,FamApp by Trio,67.41,777.46,1
2024-11-01,2024,11,Federal Bank Apps,3.36,578.23,1
2024-11-01,2024,11,Fi Money,3.07,373.29,1
2024-11-01,2024,11,Fino Payments Bank Apps,0.51,64.81,1
2024-11-01,2024,11,Flipkart UPI,13.25,636.91,1
2024-11-01,2024,11,Freo,0.03,1.8,1
2024-11-01,2024,11,Genwise,0.06,22.84,1
2024-11-01,2024,11,Google Pay,5739.12,764639.66,1
2024-11-01,2024,11,Groww,13.22,8479.87,1
2024-11-01,2024,11,HDFC Bank Apps,36.84,10417.27,1
2024-11-01,2024,11,HSBC Bank Apps,0.68,176.45,1
2024-11-01,2024,11,ICICI Bank Apps,53.71,21498.14,1
2024-11-01,2024,11,IDBI Bank Apps,0.08,30.01,1
2024-11-01,2024,11,IDFC Bank Apps,8.6,1932.32,1
2024-11-01,2024,11,India Post Payments Bank Apps,8.91,1131.95,1
2024-11-01,2024,11,Indian Bank Apps,2.19,410.19,1
2024-11-01,2024,11,Indian Overseas Bank Apps,0.18,49.21,1
2024-11-01,2024,11,IndusInd Bank Apps,0.36,92.32,1
2024-11-01,2024,11,Jammu and Kashmir Bank Apps,0.79,135.44,1
2024-11-01,2024,11,Jio Payments Bank Apps,3.18,263.81,1
2024-11-01,2024,11,Jupiter Money,6.02,825.36,1
2024-11-01,2024,11,Karnataka Bank Apps,0.18,38.31,1
2024-11-01,2024,11,Karur Vysya Bank Apps,0.05,17.82,1
2024-11-01,2024,11,Kiwi,0.69,106.42,1
2024-11-01,2024,11,Kotak Mahindra Bank Apps,47.35,6583.09,1
2024-11-01,2024,11,Kredit.Pe,0.02,2.67,1
2024-11-01,2024,11,Mobikwik,16.63,2942.38,1
2024-11-01,2024,11,Money View,0.02,2.77,1
2024-11-01,2024,11,NSDL Payments Bank Apps,0.08,9.73,1
2024-11-01,2024,11,Navi,152.95,8806.45,1
2024-11-01,2024,11,Niyo Global,0.09,52.41,1
2024-11-01,2024,11,Omni Card,1.35,100.86,1
2024-11-01,2024,11,One Card,0.36,356.22,1
2024-11-01,2024,11,Others,1.65,225.18,1
2024-11-01,2024,11,Paytm,1075.09,118004.06,1
2024-11-01,2024,11,PhonePe,7401.93,1088635.03,1
2024-11-01,2024,11,Pop Club,4.0,267.15,1
2024-11-01,2024,11,Punjab National Bank Apps,3.31,753.1,1
2024-11-01,2024,11,Punjab Sind Bank Apps,0.02,10.76,1
2024-11-01,2024,11,RBL Bank Apps,5.03,914.28,1
2024-11-01,2024,11,Rapipay,0.09,11.7,1
2024-11-01,2024,11,Salary Se,0.07,3.75,1
2024-11-01,2024,11,Samsung Pay,7.9,578.99,1
2024-11-01,2024,11,Shri Ram One,0.38,39.72,1
2024-11-01,2024,11,Slice,11.54,845.13,1
2024-11-01,2024,11,South Indian Bank Apps,0.59,167.92,1
2024-11-01,2024,11,Spice Money,0.02,2.73,1
2024-11-01,2024,11,Standard Chartered Bank Apps,0.18,114.58,1
2024-11-01,2024,11,State Bank of India Apps,10.46,3035.13,1
2024-11-01,2024,11,Suryoday Bank Apps,0.08,0.23,1
2024-11-01,2024,11,Tamilnad Mercantile Bank Apps,0.07,23.33,1
2024-11-01,2024,11,Tata Neu,0.3,78.83,1
2024-11-01,2024,11,Timepay,1.72,19.88,1
2024-11-01,2024,11,True Balance,0.29,33.18,1
2024-11-01,2024,11,UCO Bank Apps,0.28,66.32,1
2024-11-01,2024,11,Ultracash,0.08,5.71,1
2024-11-01,2024,11,Union Bank Apps,0.73,238.56,1
2024-11-01,2024,11,WhatsApp Pay,51.76,3890.1,1
2024-11-01,2024,11,Yes Bank Apps,35.69,9215.09,1
2024-11-01,2024,11,super.money,78.49,3130.1,1
2024-12-01,2024,12,AU Small Finance Bank Apps,0.49,151.24,1
2024-12-01,2024,12,Aditya Birla Capital Digital,0.83,37.24,1
2024-12-01,2024,12,Airtel Payments Bank Apps,20.29,1497.32,1
2024-12-01,2024,12,Amazon Pay,91.94,9330.97,1
2024-12-01,2024,12,Axis Bank Apps,128.36,6159.9,1
2024-12-01,2024,12,BHIM,30.22,9170.75,1
2024-12-01,2024,12,Bajaj Finserv,8.55,1652.53,1
2024-12-01,2024,12,Bank of Baroda Apps,1.12,431.5,1
2024-12-01,2024,12,Bank of India Apps,0.22,68.38,1
2024-12-01,2024,12,Bank of Maharashtra Apps,0.04,12.79,1
2024-12-01,2024,12,Bharat Pe,0.11,13.25,1
2024-12-01,2024,12,CRED,143.07,50979.94,1
2024-12-01,2024,12,Canara Bank Apps,3.2,848.14,1
2024-12-01,2024,12,Central Bank of India Apps,1.25,221.54,1
2024-12-01,2024,12,Cheq,0.03,2.43,1
2024-12-01,2024,12,City Union Bank Apps,0.08,28.56,1
2024-12-01,2024,12,DBS Digibank Apps,1.07,219.66,1
2024-12-01,2024,12,Deutsche Bank Apps,3.37,296.88,1
2024-12-01,2024,12,Dhani,0.14,12.18,1
2024-12-01,2024,12,Digikhata,0.56,170.77,1
2024-12-01,2024,12,ESAF Small Finance Bank Apps,0.19,20.5,1
2024-12-01,2024,12,Equitas Small Finance Bank Apps,0.04,28.67,1
2024-12-01,2024,12,FamApp by Trio,75.74,870.68,1
2024-12-01,2024,12,Federal Bank Apps,3.94,673.09,1
2024-12-01,2024,12,Fi Money,3.32,412.1,1
2024-12-01,2024,12,Fino Payments Bank Apps,0.55,72.04,1
2024-12-01,2024,12,Flipkart UPI,12.75,606.35,1
2024-12-01,2024,12,Freo,0.02,1.72,1
2024-12-01,2024,12,Genwise,0.03,31.68,1
2024-12-01,2024,12,Google Pay,6140.47,822598.36,1
2024-12-01,2024,12,Groww,13.78,9341.27,1
2024-12-01,2024,12,HDFC Bank Apps,41.84,12526.57,1
2024-12-01,2024,12,HSBC Bank Apps,0.74,195.01,1
2024-12-01,2024,12,ICICI Bank Apps,61.86,21904.55,1
2024-12-01,2024,12,IDBI Bank Apps,0.1,35.31,1
2024-12-01,2024,12,IDFC Bank Apps,9.27,2103.6,1
2024-12-01,2024,12,Ind Money,0.08,28.5,1
2024-12-01,2024,12,India Post Payments Bank Apps,10.76,1337.1,1
2024-12-01,2024,12,Indian Bank Apps,2.21,435.17,1
2024-12-01,2024,12,Indian Overseas Bank Apps,0.23,59.7,1
2024-12-01,2024,12,IndusInd Bank Apps,0.34,87.05,1
2024-12-01,2024,12,Jammu and Kashmir Bank Apps,1.13,169.43,1
2024-12-01,2024,12,Jio Payments Bank Apps,3.46,287.81,1
2024-12-01,2024,12,Jupiter Money,6.41,910.03,1
2024-12-01,2024,12,Karnataka Bank Apps,0.22,47.38,1
2024-12-01,2024,12,Karur Vysya Bank Apps,0.07,24.98,1
2024-12-01,2024,12,Kiwi,0.81,134.02,1
2024-12-01,2024,12,Kotak Mahindra Bank Apps,52.06,7286.24,1
2024-12-01,2024,12,Kredit.Pe,0.05,6.27,1
2024-12-01,2024,12,Mobikwik,20.26,3478.58,1
2024-12-01,2024,12,Money View,0.06,4.42,1
2024-12-01,2024,12,NSDL Payments Bank Apps,0.07,8.36,1
2024-12-01,2024,12,Navi,202.53,11317.09,1
2024-12-01,2024,12,Niyo Global,0.1,56.0,1
2024-12-01,2024,12,Omni Card,1.45,85.46,1
2024-12-01,2024,12,One Card,0.5,549.1,1
2024-12-01,2024,12,Others,3.39,490.26,1
2024-12-01,2024,12,Paytm,1150.96,125739.66,1
2024-12-01,2024,12,PhonePe,7984.05,1176300.32,1
2024-12-01,2024,12,Pop Club,6.2,391.63,1
2024-12-01,2024,12,Punjab National Bank Apps,3.32,792.81,1
2024-12-01,2024,12,Punjab Sind Bank Apps,0.02,7.78,1
2024-12-01,2024,12,RBL Bank Apps,8.37,1511.43,1
2024-12-01,2024,12,Rapipay,0.1,12.52,1
2024-12-01,2024,12,Salary Se,0.1,4.8,1
2024-12-01,2024,12,Samsung Pay,8.59,614.74,1
2024-12-01,2024,12,Shri Ram One,0.61,57.11,1
2024-12-01,2024,12,Slice,12.06,882.04,1
2024-12-01,2024,12,South Indian Bank Apps,0.63,181.57,1
2024-12-01,2024,12,Spice Money,0.06,5.97,1
2024-12-01,2024,12,Standard Chartered Bank Apps,0.2,123.19,1
2024-12-01,2024,12,State Bank of India Apps,12.05,3411.38,1
2024-12-01,2024,12,Suryoday Bank Apps,0.9,86.33,1
2024-12-01,2024,12,Tamilnad Mercantile Bank Apps,0.08,25.95,1
2024-12-01,2024,12,Tata Neu,0.3,81.2,1
2024-12-01,2024,12,Timepay,1.01,13.49,1
2024-12-01,2024,12,True Balance,0.41,21.49,1
2024-12-01,2024,12,UCO Bank Apps,0.32,76.33,1
2024-12-01,2024,12,Ultracash,0.09,6.16,1
2024-12-01,2024,12,Union Bank Apps,0.76,255.63,1
2024-12-01,2024,12,WhatsApp Pay,57.85,4348.19,1
2024-12-01,2024,12,Yes Bank Apps,40.98,9216.96,1
2024-12-01,2024,12,super.money,101.81,3866.39,1
2025-01-01,2025,1,AU Small Finance Bank Apps,0.5,154.35,1
2025-01-01,2025,1,Aditya Birla Capital Digital,0.93,39.03,1
2025-01-01,2025,1,Airtel Payments Bank Apps,20.96,1498.83,1
2025-01-01,2025,1,Amazon Pay,99.95,9843.47,1
2025-01-01,2025,1,Axis Bank Apps,126.62,7769.17,1
2025-01-01,2025,1,BHIM,33.88,9333.77,1
2025-01-01,2025,1,Bajaj Finserv,8.19,1649.36,1
2025-01-01,2025,1,Bank of Baroda Apps,1.23,442.03,1
2025-01-01,2025,1,Bank of India Apps,0.24,78.25,1
2025-01-01,2025,1,Bank of Maharashtra Apps,0.04,15.22,1
2025-01-01,2025,1,Bharat Pe,0.21,19.64,1
2025-01-01,2025,1,CRED,137.44,49482.95,1
2025-01-01,2025,1,Canara Bank Apps,3.36,884.57,1
2025-01-01,2025,1,Central Bank of India Apps,1.34,237.42,1
2025-01-01,2025,1,Cheq,0.03,2.39,1
2025-01-01,2025,1,City Union Bank Apps,0.08,29.52,1
2025-01-01,2025,1,DBS Digibank Apps,1.13,225.49,1
2025-01-01,2025,1,Deutsche Bank Apps,3.32,322.75,1
2025-01-01,2025,1,Dhani,0.15,7.72,1
2025-01-01,2025,1,Digikhata,0.64,194.07,1
2025-01-01,2025,1,ESAF Small Finance Bank Apps,0.24,26.7,1
2025-01-01,2025,1,Equitas Small Finance Bank Apps,0.04,28.47,1
2025-01-01,2025,1,FamApp by Trio,79.01,896.25,1
2025-01-01,2025,1,Federal Bank Apps,4.3,744.89,1
2025-01-01,2025,1,Fi Money,3.25,401.64,1
2025-01-01,2025,1,Fino Payments Bank Apps,0.59,78.97,1
2025-01-01,2025,1,Flipkart UPI,7.58,393.64,1
2025-01-01,2025,1,Freo,0.02,1.55,1
2025-01-01,2025,1,Genwise,0.05,29.81,1
2025-01-01,2025,1,Google Pay,6183.91,826845.07,1
2025-01-01,2025,1,Groww,15.4,11200.31,1
2025-01-01,2025,1,HDFC Bank Apps,49.6,11086.42,1
2025-01-01,2025,1,HSBC Bank Apps,0.82,201.79,1
2025-01-01,2025,1,ICICI Bank Apps,58.23,18928.62,1
2025-01-01,2025,1,IDBI Bank Apps,0.11,41.84,1
2025-01-01,2025,1,IDFC Bank Apps,11.77,2283.04,1
2025-01-01,2025,1,Ind Money,0.63,293.14,1
2025-01-01,2025,1,India Post Payments Bank Apps,12.57,1509.59,1
2025-01-01,2025,1,Indian Bank Apps,2.07,437.0,1
2025-01-01,2025,1,Indian Overseas Bank Apps,0.25,66.56,1
2025-01-01,2025,1,IndusInd Bank Apps,0.26,58.26,1
2025-01-01,2025,1,Jammu and Kashmir Bank Apps,1.62,212.89,1
2025-01-01,2025,1,Jio Payments Bank Apps,3.66,293.42,1
2025-01-01,2025,1,Jupiter Money,6.31,913.95,1
2025-01-01,2025,1,Karnataka Bank Apps,0.25,52.98,1
2025-01-01,2025,1,Karur Vysya Bank Apps,0.08,29.32,1
2025-01-01,2025,1,Kiwi,0.82,141.6,1
2025-01-01,2025,1,Kotak Mahindra Bank Apps,53.71,7489.75,1
2025-01-01,2025,1,Kredit.Pe,0.09,11.04,1
2025-01-01,2025,1,Mobikwik,23.66,3811.43,1
2025-01-01,2025,1,Money View,0.12,9.77,1
2025-01-01,2025,1,NSDL Payments Bank Apps,0.07,8.35,1
2025-01-01,2025,1,Navi,242.83,13221.33,1
2025-01-01,2025,1,Niyo Global,0.1,48.75,1
2025-01-01,2025,1,Omni Card,1.49,96.0,1
2025-01-01,2025,1,One Card,0.7,799.37,1
2025-01-01,2025,1,Others,8.66,1373.16,1
2025-01-01,2025,1,Paytm,1152.34,126313.45,1
2025-01-01,2025,1,PhonePe,8102.44,1191303.98,1
2025-01-01,2025,1,Pop Club,8.1,431.96,1
2025-01-01,2025,1,Punjab National Bank Apps,3.45,864.8,1
2025-01-01,2025,1,Punjab Sind Bank Apps,0.03,11.6,1
2025-01-01,2025,1,RBL Bank Apps,8.62,1418.15,1
2025-01-01,2025,1,Rapipay,0.11,13.96,1
2025-01-01,2025,1,Salary Se,0.16,7.76,1
2025-01-01,2025,1,Samsung Pay,8.57,608.41,1
2025-01-01,2025,1,Shri Ram One,0.6,63.97,1
2025-01-01,2025,1,Slice,7.88,569.95,1
2025-01-01,2025,1,South Indian Bank Apps,0.65,192.73,1
2025-01-01,2025,1,Spice Money,0.08,7.67,1
2025-01-01,2025,1,Standard Chartered Bank Apps,0.2,123.89,1
2025-01-01,2025,1,State Bank of India Apps,12.49,3515.63,1
2025-01-01,2025,1,Suryoday Bank Apps,1.74,323.72,1
2025-01-01,2025,1,Tamilnad Mercantile Bank Apps,0.08,26.96,1
2025-01-01,2025,1,Tata Neu,0.3,89.22,1
2025-01-01,2025,1,Timepay,1.8,22.39,1
2025-01-01,2025,1,True Balance,0.23,9.01,1
2025-01-01,2025,1,UCO Bank Apps,0.34,85.35,1
2025-01-01,2025,1,Ultracash,0.09,6.74,1
2025-01-01,2025,1,Union Bank Apps,0.75,257.23,1
2025-01-01,2025,1,WhatsApp Pay,60.99,4550.41,1
2025-01-01,2025,1,Yes Bank Apps,41.57,8877.26,1
2025-01-01,2025,1,super.money,124.83,4565.57,1
2025-02-01,2025,2,AU Small Finance Bank Apps,0.49,148.93,1
2025-02-01,2025,2,Aditya Birla Capital Digital,0.7,29.68,1
2025-02-01,2025,2,Airtel Payments Bank Apps,18.99,1349.23,1
2025-02-01,2025,2,Amazon Pay,93.31,9077.3,1
2025-02-01,2025,2,Axis Bank Apps,117.7,9197.33,1
2025-02-01,2025,2,BHIM,36.88,8475.29,1
2025-02-01,2025,2,Bajaj Finserv,8.39,1707.51,1
2025-02-01,2025,2,Bank of Baroda Apps,1.72,472.44,1
2025-02-01,2025,2,Bank of India Apps,0.24,75.45,1
2025-02-01,2025,2,Bank of Maharashtra Apps,0.02,9.03,1
2025-02-01,2025,2,Bharat Pe,0.62,41.42,1
2025-02-01,2025,2,CRED,126.48,45127.72,1
2025-02-01,2025,2,Canara Bank Apps,3.25,837.13,1
2025-02-01,2025,2,Central Bank of India Apps,1.36,233.31,1
2025-02-01,2025,2,Cheq,0.03,2.44,1
2025-02-01,2025,2,City Union Bank Apps,0.08,28.98,1
2025-02-01,2025,2,DBS Digibank Apps,1.0,202.69,1
2025-02-01,2025,2,Deutsche Bank Apps,3.12,442.68,1
2025-02-01,2025,2,Dhani,0.15,7.35,1
2025-02-01,2025,2,Digikhata,0.68,208.81,1
2025-02-01,2025,2,ESAF Small Finance Bank Apps,0.27,26.81,1
2025-02-01,2025,2,FamApp by Trio,77.08,876.12,1
2025-02-01,2025,2,Federal Bank Apps,4.08,715.26,1
2025-02-01,2025,2,Fi Money,2.99,377.32,1
2025-02-01,2025,2,Fino Payments Bank Apps,0.53,68.54,1
2025-02-01,2025,2,Flipkart UPI,4.42,238.42,1
2025-02-01,2025,2,Freo,0.04,2.36,1
2025-02-01,2025,2,Genwise,0.07,24.26,1
2025-02-01,2025,2,Google Pay,5836.8,771089.15,1
2025-02-01,2025,2,Groww,12.81,8383.73,1
2025-02-01,2025,2,HDFC Bank Apps,47.98,10547.64,1
2025-02-01,2025,2,HSBC Bank Apps,0.82,186.7,1
2025-02-01,2025,2,ICICI Bank Apps,54.11,14374.53,1
2025-02-01,2025,2,IDBI Bank Apps,0.09,32.23,1
2025-02-01,2025,2,IDFC Bank Apps,11.98,2158.3,1
2025-02-01,2025,2,Ind Money,0.78,357.98,1
2025-02-01,2025,2,India Post Payments Bank Apps,12.27,1463.53,1
2025-02-01,2025,2,Indian Bank Apps,0.61,168.69,1
2025-02-01,2025,2,Indian Overseas Bank Apps,0.27,67.2,1
2025-02-01,2025,2,IndusInd Bank Apps,1.76,307.45,1
2025-02-01,2025,2,Jammu and Kashmir Bank Apps,1.57,216.84,1
2025-02-01,2025,2,Jio Payments Bank Apps,3.66,290.56,1
2025-02-01,2025,2,Jupiter Money,5.95,858.34,1
2025-02-01,2025,2,Karnataka Bank Apps,0.23,50.92,1
2025-02-01,2025,2,Karur Vysya Bank Apps,0.08,28.6,1
2025-02-01,2025,2,Kiwi,1.01,155.81,1
2025-02-01,2025,2,Kotak Mahindra Bank Apps,50.53,6872.1,1
2025-02-01,2025,2,Kredit.Pe,0.12,16.73,1
2025-02-01,2025,2,Mobikwik,24.19,3733.72,1
2025-02-01,2025,2,Money View,0.15,15.33,1
2025-02-01,2025,2,NSDL Payments Bank Apps,0.08,8.12,1
2025-02-01,2025,2,Navi,260.75,14322.97,1
2025-02-01,2025,2,Niyo Global,0.09,46.26,1
2025-02-01,2025,2,Omni Card,1.41,93.44,1
2025-02-01,2025,2,One Card,0.66,742.49,1
2025-02-01,2025,2,Others,1.94,222.61,1
2025-02-01,2025,2,Paytm,1079.64,117090.29,1
2025-02-01,2025,2,PhonePe,7656.4,1118963.81,1
2025-02-01,2025,2,Pop Club,7.27,419.36,1
2025-02-01,2025,2,Punjab National Bank Apps,3.19,809.91,1
2025-02-01,2025,2,Punjab Sind Bank Apps,0.03,9.76,1
2025-02-01,2025,2,RBL Bank Apps,8.86,1421.89,1
2025-02-01,2025,2,Rapipay,0.12,14.62,1
2025-02-01,2025,2,Salary Se,0.3,15.64,1
2025-02-01,2025,2,Samsung Pay,8.09,576.3,1
2025-02-01,2025,2,Shri Ram One,1.16,81.1,1
2025-02-01,2025,2,Slice,15.31,1742.71,1
2025-02-01,2025,2,South Indian Bank Apps,0.62,178.11,1
2025-02-01,2025,2,Spice Money,0.1,9.88,1
2025-02-01,2025,2,Standard Chartered Bank Apps,0.2,114.12,1
2025-02-01,2025,2,State Bank of India Apps,11.68,3197.67,1
2025-02-01,2025,2,Suryoday Bank Apps,1.12,193.28,1
2025-02-01,2025,2,Tamilnad Mercantile Bank Apps,0.08,26.47,1
2025-02-01,2025,2,Tata Neu,0.3,92.32,1
2025-02-01,2025,2,Timepay,2.19,28.77,1
2025-02-01,2025,2,True Balance,0.13,4.64,1
2025-02-01,2025,2,UCO Bank Apps,0.35,89.18,1
2025-02-01,2025,2,Ultracash,0.09,6.62,1
2025-02-01,2025,2,Union Bank Apps,0.67,225.15,1
2025-02-01,2025,2,WhatsApp Pay,58.86,4349.62,1
2025-02-01,2025,2,Yes Bank Apps,37.78,8385.06,1
2025-02-01,2025,2,super.money,139.1,4812.44,1
2025-03-01,2025,3,AU Small Finance Bank Apps,0.59,174.06,1
2025-03-01,2025,3,Aditya Birla Capital Digital,0.88,39.97,1
2025-03-01,2025,3,Airtel Payments Bank Apps,21.63,1487.89,1
2025-03-01,2025,3,Amazon Pay,111.06,10606.66,1
2025-03-01,2025,3,Axis Bank Apps,145.78,9966.53,1
2025-03-01,2025,3,BHIM,46.13,9540.09,1
2025-03-01,2025,3,Bajaj Finserv,9.66,1892.01,1
2025-03-01,2025,3,Bank of Baroda Apps,2.11,588.95,1
2025-03-01,2025,3,Bank of India Apps,0.27,86.1,1
2025-03-01,2025,3,Bank of Maharashtra Apps,0.03,9.11,1
2025-03-01,2025,3,Bharat Pe,1.07,68.67,1
2025-03-01,2025,3,CRED,144.82,55091.22,1
2025-03-01,2025,3,Canara Bank Apps,3.75,975.91,1
2025-03-01,2025,3,Central Bank of India Apps,1.57,268.0,1
2025-03-01,2025,3,Cheq,0.03,2.43,1
2025-03-01,2025,3,City Union Bank Apps,0.09,31.31,1
2025-03-01,2025,3,DBS Digibank Apps,1.02,230.21,1
2025-03-01,2025,3,Deutsche Bank Apps,3.62,532.05,1
2025-03-01,2025,3,Dhani,0.17,8.44,1
2025-03-01,2025,3,Digikhata,0.8,258.58,1
2025-03-01,2025,3,ESAF Small Finance Bank Apps,0.38,40.78,1
2025-03-01,2025,3,FamApp by Trio,89.94,1099.28,1
2025-03-01,2025,3,Federal Bank Apps,4.75,869.77,1
2025-03-01,2025,3,Fi Money,3.25,434.16,1
2025-03-01,2025,3,Fino Payments Bank Apps,0.58,63.84,1
2025-03-01,2025,3,Flipkart UPI,4.72,257.82,1
2025-03-01,2025,3,Freo,0.05,3.87,1
2025-03-01,2025,3,Genwise,0.07,28.34,1
2025-03-01,2025,3,Google Pay,6596.76,866568.18,1
2025-03-01,2025,3,Groww,11.63,7009.63,1
2025-03-01,2025,3,HDFC Bank Apps,60.94,11789.9,1
2025-03-01,2025,3,HSBC Bank Apps,1.0,224.84,1
2025-03-01,2025,3,ICICI Bank Apps,67.63,16696.94,1
2025-03-01,2025,3,IDBI Bank Apps,0.13,45.74,1
2025-03-01,2025,3,IDFC Bank Apps,14.53,2486.08,1
2025-03-01,2025,3,Ind Money,0.95,436.8,1
2025-03-01,2025,3,India Post Payments Bank Apps,16.58,1941.73,1
2025-03-01,2025,3,Indian Bank Apps,0.64,176.18,1
2025-03-01,2025,3,Indian Overseas Bank Apps,0.26,60.29,1
2025-03-01,2025,3,IndusInd Bank Apps,2.04,346.0,1
2025-03-01,2025,3,Jammu and Kashmir Bank Apps,1.75,261.45,1
2025-03-01,2025,3,Jio Payments Bank Apps,4.08,318.2,1
2025-03-01,2025,3,Jupiter Money,6.49,958.52,1
2025-03-01,2025,3,Karnataka Bank Apps,0.25,57.72,1
2025-03-01,2025,3,Karur Vysya Bank Apps,0.09,33.66,1
2025-03-01,2025,3,Kiwi,1.41,213.93,1
2025-03-01,2025,3,Kotak Mahindra Bank Apps,57.05,7737.14,1
2025-03-01,2025,3,Kredit.Pe,0.19,26.43,1
2025-03-01,2025,3,Mobikwik,29.8,4414.0,1
2025-03-01,2025,3,Money View,0.18,18.99,1
2025-03-01,2025,3,NSDL Payments Bank Apps,0.04,5.54,1
2025-03-01,2025,3,Navi,324.42,18018.65,1
2025-03-01,2025,3,Niyo Global,0.11,54.39,1
2025-03-01,2025,3,Omni Card,1.59,86.51,1
2025-03-01,2025,3,One Card,0.82,973.0,1
2025-03-01,2025,3,Others,2.26,254.93,1
2025-03-01,2025,3,Paytm,1221.12,132912.04,1
2025-03-01,2025,3,PhonePe,8647.78,1257075.54,1
2025-03-01,2025,3,Pop Club,8.53,449.95,1
2025-03-01,2025,3,Punjab National Bank Apps,3.38,898.95,1
2025-03-01,2025,3,Punjab Sind Bank Apps,0.03,9.19,1
2025-03-01,2025,3,RBL Bank Apps,12.59,1741.69,1
2025-03-01,2025,3,Rapipay,0.14,17.08,1
2025-03-01,2025,3,Salary Se,0.36,18.23,1
2025-03-01,2025,3,Samsung Pay,8.95,642.73,1
2025-03-01,2025,3,Shri Ram One,1.75,116.77,1
2025-03-01,2025,3,Slice,17.41,2069.31,1
2025-03-01,2025,3,South Indian Bank Apps,0.68,204.88,1
2025-03-01,2025,3,Spice Money,0.16,12.87,1
2025-03-01,2025,3,Standard Chartered Bank Apps,0.5,146.46,1
2025-03-01,2025,3,State Bank of India Apps,12.61,3418.04,1
2025-03-01,2025,3,Suryoday Bank Apps,1.26,178.92,1
2025-03-01,2025,3,Tamilnad Mercantile Bank Apps,0.08,29.48,1
2025-03-01,2025,3,Tata Neu,0.38,111.95,1
2025-03-01,2025,3,Timepay,3.07,37.66,1
2025-03-01,2025,3,True Balance,0.1,3.41,1
2025-03-01,2025,3,UCO Bank Apps,0.44,110.34,1
2025-03-01,2025,3,Ultracash,0.11,8.67,1
2025-03-01,2025,3,Union Bank Apps,0.72,241.09,1
2025-03-01,2025,3,WhatsApp Pay,66.23,4958.25,1
2025-03-01,2025,3,Yes Bank Apps,44.03,9388.85,1
2025-03-01,2025,3,super.money,171.75,5933.08,1
2025-04-01,2025,4,AU Small Finance Bank Apps,0.57,178.31,1
2025-04-01,2025,4,Aditya Birla Capital Digital,0.63,32.69,1
2025-04-01,2025,4,Airtel Payments Bank Apps,20.4,1416.39,1
2025-04-01,2025,4,Amazon Pay,98.26,9966.68,1
2025-04-01,2025,4,Axis Bank Apps,120.05,9147.64,1
2025-04-01,2025,4,BHIM,53.57,10363.27,1
2025-04-01,2025,4,Bajaj Finserv,10.25,2002.37,1
2025-04-01,2025,4,Bank of Baroda Apps,1.9,567.22,1
2025-04-01,2025,4,Bank of India Apps,0.3,90.46,1
2025-04-01,2025,4,Bank of Maharashtra Apps,0.02,6.66,1
2025-04-01,2025,4,Bharat Pe,0.78,59.59,1
2025-04-01,2025,4,CRED,134.67,49753.0,1
2025-04-01,2025,4,Canara Bank Apps,3.71,970.18,1
2025-04-01,2025,4,Central Bank of India Apps,1.54,263.72,1
2025-04-01,2025,4,Cheq,0.02,1.72,1
2025-04-01,2025,4,City Union Bank Apps,0.08,29.3,1
2025-04-01,2025,4,DBS Digibank Apps,1.1,213.38,1
2025-04-01,2025,4,Deutsche Bank Apps,3.56,647.42,1
2025-04-01,2025,4,Dhani,0.16,7.15,1
2025-04-01,2025,4,Digikhata,0.8,254.47,1
2025-04-01,2025,4,ESAF Small Finance Bank Apps,0.44,52.11,1
2025-04-01,2025,4,FamApp by Trio,99.91,1241.8,1
2025-04-01,2025,4,Federal Bank Apps,4.89,894.05,1
2025-04-01,2025,4,Fi Money,3.01,396.69,1
2025-04-01,2025,4,Fino Payments Bank Apps,0.51,54.6,1
2025-04-01,2025,4,Flipkart UPI,3.47,195.89,1
2025-04-01,2025,4,Freo,0.04,2.6,1
2025-04-01,2025,4,Genwise,0.07,27.48,1
2025-04-01,2025,4,Google Pay,6488.55,842628.56,1
2025-04-01,2025,4,Groww,12.37,8788.46,1
2025-04-01,2025,4,HDFC Bank Apps,57.46,11947.75,1
2025-04-01,2025,4,HSBC Bank Apps,0.88,107.13,1
2025-04-01,2025,4,ICICI Bank Apps,58.11,16223.97,1
2025-04-01,2025,4,IDBI Bank Apps,0.13,47.44,1
2025-04-01,2025,4,IDFC Bank Apps,16.09,2435.24,1
2025-04-01,2025,4,Ind Money,1.05,541.53,1
2025-04-01,2025,4,India Post Payments Bank Apps,14.76,1738.65,1
2025-04-01,2025,4,Indian Bank Apps,0.7,186.42,1
2025-04-01,2025,4,Indian Overseas Bank Apps,0.27,63.56,1
2025-04-01,2025,4,IndusInd Bank Apps,2.17,345.61,1
2025-04-01,2025,4,Jammu and Kashmir Bank Apps,2.11,281.4,1
2025-04-01,2025,4,Jio Payments Bank Apps,4.21,315.88,1
2025-04-01,2025,4,Jupiter Money,6.15,900.17,1
2025-04-01,2025,4,Karnataka Bank Apps,0.24,58.02,1
2025-04-01,2025,4,Karur Vysya Bank Apps,0.09,33.47,1
2025-04-01,2025,4,Kiwi,2.41,297.79,1
2025-04-01,2025,4,Kotak Mahindra Bank Apps,57.73,7681.65,1
2025-04-01,2025,4,Kredit.Pe,0.22,28.84,1
2025-04-01,2025,4,Mobikwik,31.7,4277.05,1
2025-04-01,2025,4,Money View,0.23,25.72,1
2025-04-01,2025,4,NSDL Payments Bank Apps,0.06,6.78,1
2025-04-01,2025,4,Navi,344.21,18841.19,1
2025-04-01,2025,4,Niyo Global,0.11,58.73,1
2025-04-01,2025,4,Obopay,0.04,4.79,1
2025-04-01,2025,4,Omni Card,1.57,84.95,1
2025-04-01,2025,4,One Card,0.74,842.35,1
2025-04-01,2025,4,Others,1.88,216.91,1
2025-04-01,2025,4,Paytm,1210.24,131153.97,1
2025-04-01,2025,4,PhonePe,8362.31,1205047.3,1
2025-04-01,2025,4,Pop Club,10.38,445.95,1
2025-04-01,2025,4,Punjab National Bank Apps,3.4,912.54,1
2025-04-01,2025,4,Punjab Sind Bank Apps,0.03,9.5,1
2025-04-01,2025,4,RBL Bank Apps,14.09,1653.13,1
2025-04-01,2025,4,Rapipay,0.15,16.93,1
2025-04-01,2025,4,Salary Se,0.37,17.58,1
2025-04-01,2025,4,Samsung Pay,8.72,619.96,1
2025-04-01,2025,4,Shri Ram One,2.09,137.77,1
2025-04-01,2025,4,Slice,17.81,2120.01,1
2025-04-01,2025,4,South Indian Bank Apps,0.68,200.19,1
2025-04-01,2025,4,Spice Money,0.17,12.63,1
2025-04-01,2025,4,Standard Chartered Bank Apps,1.9,158.39,1
2025-04-01,2025,4,State Bank of India Apps,13.16,3524.25,1
2025-04-01,2025,4,Suryoday Bank Apps,0.75,135.57,1
2025-04-01,2025,4,Tamilnad Mercantile Bank Apps,0.09,31.21,1
2025-04-01,2025,4,Tata Neu,0.39,118.54,1
2025-04-01,2025,4,Timepay,3.12,40.66,1
2025-04-01,2025,4,True Balance,0.09,3.02,1
2025-04-01,2025,4,UCO Bank Apps,0.46,116.7,1
2025-04-01,2025,4,Ultracash,0.1,8.26,1
2025-04-01,2025,4,Union Bank Apps,0.72,243.46,1
2025-04-01,2025,4,Unity Small Finance Bank Apps,0.03,6.73,1
2025-04-01,2025,4,WhatsApp Pay,67.4,5065.44,1
2025-04-01,2025,4,Yes Bank Apps,48.3,9059.27,1
2025-04-01,2025,4,super.money,175.24,5924.95,1
2025-05-01,2025,5,AU Small Finance Bank Apps,0.6,184.67,1
2025-05-01,2025,5,Aditya Birla Capital Digital,0.49,26.92,1
2025-05-01,2025,5,Airtel Payments Bank Apps,20.14,1447.35,1
2025-05-01,2025,5,Amazon Pay,98.68,10343.44,1
2025-05-01,2025,5,Axis Bank Apps,120.03,9683.82,1
2025-05-01,2025,5,BHIM,64.6,11243.73,1
2025-05-01,2025,5,Bajaj Finserv,10.67,2219.95,1
2025-05-01,2025,5,Bank of Baroda Apps,1.8,528.32,1
2025-05-01,2025,5,Bank of India Apps,0.3,91.04,1
2025-05-01,2025,5,Bank of Maharashtra Apps,0.02,7.44,1
2025-05-01,2025,5,Bharat Pe,0.74,58.21,1
2025-05-01,2025,5,CRED,141.95,55242.72,1
2025-05-01,2025,5,Canara Bank Apps,3.85,992.9,1
2025-05-01,2025,5,Central Bank of India Apps,1.56,268.09,1
2025-05-01,2025,5,City Union Bank Apps,0.07,29.97,1
2025-05-01,2025,5,DBS Digibank Apps,1.06,226.65,1
2025-05-01,2025,5,Deutsche Bank Apps,4.02,723.88,1
2025-05-01,2025,5,Dhani,0.17,8.63,1
2025-05-01,2025,5,Digikhata,0.87,282.69,1
2025-05-01,2025,5,ESAF Small Finance Bank Apps,0.57,63.39,1
2025-05-01,2025,5,FamApp by Trio,110.38,1415.4,1
2025-05-01,2025,5,Federal Bank Apps,5.09,982.11,1
2025-05-01,2025,5,Fi Money,2.99,407.88,1
2025-05-01,2025,5,Fino Payments Bank Apps,0.54,56.9,1
2025-05-01,2025,5,Flipkart UPI,3.23,187.83,1
2025-05-01,2025,5,Freo,0.04,2.27,1
2025-05-01,2025,5,Google Pay,6740.42,884735.12,1
2025-05-01,2025,5,Groww,12.14,8443.05,1
2025-05-01,2025,5,HDFC Bank Apps,63.19,14806.6,1
2025-05-01,2025,5,HSBC Bank Apps,1.03,124.36,1
2025-05-01,2025,5,ICICI Bank Apps,59.47,16689.54,1
2025-05-01,2025,5,IDBI Bank Apps,0.13,49.81,1
2025-05-01,2025,5,IDFC Bank Apps,16.21,2493.29,1
2025-05-01,2025,5,Ind Money,1.3,560.96,1
2025-05-01,2025,5,India Post Payments Bank Apps,16.51,1834.83,1
2025-05-01,2025,5,Indian Bank Apps,0.8,202.18,1
2025-05-01,2025,5,Indian Overseas Bank Apps,0.27,64.81,1
2025-05-01,2025,5,IndusInd Bank Apps,1.99,258.89,1
2025-05-01,2025,5,Jammu and Kashmir Bank Apps,2.36,308.47,1
2025-05-01,2025,5,Jio Payments Bank Apps,4.7,341.19,1
2025-05-01,2025,5,Jupiter Money,6.4,950.85,1
2025-05-01,2025,5,Karnataka Bank Apps,0.25,59.72,1
2025-05-01,2025,5,Karur Vysya Bank Apps,0.1,35.02,1
2025-05-01,2025,5,Kiwi,3.58,428.68,1
2025-05-01,2025,5,Kotak Mahindra Bank Apps,59.74,7862.6,1
2025-05-01,2025,5,Kredit Pe,0.32,35.29,1
2025-05-01,2025,5,Mobikwik,33.92,4674.33,1
2025-05-01,2025,5,Money View,0.32,31.91,1
2025-05-01,2025,5,NSDL Payments Bank Apps,0.17,16.25,1
2025-05-01,2025,5,Navi,386.21,21350.35,1
2025-05-01,2025,5,Niyo Global,0.07,25.75,1
2025-05-01,2025,5,Obopay,0.06,8.77,1
2025-05-01,2025,5,Omni Card,1.63,92.27,1
2025-05-01,2025,5,One Card,0.8,954.81,1
2025-05-01,2025,5,Others,1.87,240.77,1
2025-05-01,2025,5,Paytm,1277.56,138068.97,1
2025-05-01,2025,5,Payworld,0.03,2.21,1
2025-05-01,2025,5,PhonePe,8682.08,1256541.09,1
2025-05-01,2025,5,Pop Club,13.59,500.88,1
2025-05-01,2025,5,Punjab National Bank Apps,3.6,953.88,1
2025-05-01,2025,5,Punjab Sind Bank Apps,0.02,8.87,1
2025-05-01,2025,5,RBL Bank Apps,13.27,1762.42,1
2025-05-01,2025,5,Rapipay,0.17,19.16,1
2025-05-01,2025,5,Salary Se,0.43,20.47,1
2025-05-01,2025,5,Samsung Pay,9.14,656.92,1
2025-05-01,2025,5,Shri Ram One,2.58,165.88,1
2025-05-01,2025,5,Slice Small Finance Bank Apps,19.85,2330.22,1
2025-05-01,2025,5,South Indian Bank Apps,0.71,211.09,1
2025-05-01,2025,5,Spice Money,0.2,14.26,1
2025-05-01,2025,5,Standard Chartered Bank Apps,3.02,180.55,1
2025-05-01,2025,5,State Bank of India Apps,13.48,3700.3,1
2025-05-01,2025,5,Suryoday Bank Apps,1.25,218.46,1
2025-05-01,2025,5,Tamilnad Mercantile Bank Apps,0.09,32.95,1
2025-05-01,2025,5,Tata Neu,0.45,132.55,1
2025-05-01,2025,5,Timepay,3.9,50.01,1
2025-05-01,2025,5,True Balance,0.1,3.01,1
2025-05-01,2025,5,UCO Bank Apps,0.48,122.06,1
2025-05-01,2025,5,Ultracash,0.1,7.77,1
2025-05-01,2025,5,Union Bank Apps,0.73,241.85,1
2025-05-01,2025,5,Unity Small Finance Bank Apps,0.06,12.79,1
2025-05-01,2025,5,WhatsApp Pay,70.19,5280.89,1
2025-05-01,2025,5,Yes Bank Apps,53.52,9518.96,1
2025-05-01,2025,5,super.money,203.42,7054.28,1
2025-06-01,2025,6,AU Small Finance Bank Apps,0.62,184.72,1
2025-06-01,2025,6,Aditya Birla Capital Digital,0.37,42.7,1
2025-06-01,2025,6,Airtel Payments Bank Apps,19.74,1368.2,1
2025-06-01,2025,6,Amazon Pay,93.25,9942.48,1
2025-06-01,2025,6,Axis Bank Apps,126.27,9388.51,1
2025-06-01,2025,6,BHIM,73.07,11725.85,1
2025-06-01,2025,6,Bajaj Finserv,11.4,2351.65,1
2025-06-01,2025,6,Bank of Baroda Apps,1.77,497.24,1
2025-06-01,2025,6,Bank of India Apps,0.28,82.52,1
2025-06-01,2025,6,Bank of Maharashtra Apps,0.02,8.31,1
2025-06-01,2025,6,Bharat Pe,0.54,46.14,1
2025-06-01,2025,6,CRED,138.32,51384.11,1
2025-06-01,2025,6,Canara Bank Apps,3.49,911.93,1
2025-06-01,2025,6,Central Bank of India Apps,0.93,186.91,1
2025-06-01,2025,6,City Union Bank Apps,0.08,29.99,1
2025-06-01,2025,6,DBS Digibank Apps,0.87,222.97,1
2025-06-01,2025,6,Deutsche Bank Apps,4.02,723.95,1
2025-06-01,2025,6,Dhani,0.17,7.65,1
2025-06-01,2025,6,Digikhata,0.88,287.21,1
2025-06-01,2025,6,ESAF Small Finance Bank Apps,0.57,58.0,1
2025-06-01,2025,6,FamApp by Trio,112.75,1439.64,1
2025-06-01,2025,6,Federal Bank Apps,5.22,1006.22,1
2025-06-01,2025,6,Fi Money,2.75,375.21,1
2025-06-01,2025,6,Fino Payments Bank Apps,0.54,53.51,1
2025-06-01,2025,6,Flipkart UPI,2.52,144.64,1
2025-06-01,2025,6,Freo,0.03,2.23,1
2025-06-01,2025,6,Google Pay,6540.92,840931.06,1
2025-06-01,2025,6,Groww,12.46,8801.55,1
2025-06-01,2025,6,HDFC Bank Apps,67.46,14297.8,1
2025-06-01,2025,6,HSBC Bank Apps,1.02,122.16,1
2025-06-01,2025,6,ICICI Bank Apps,61.82,15983.92,1
2025-06-01,2025,6,IDBI Bank Apps,0.14,49.11,1
2025-06-01,2025,6,IDFC Bank Apps,17.44,2481.31,1
2025-06-01,2025,6,Ind Money,1.41,558.23,1
2025-06-01,2025,6,India Post Payments Bank Apps,16.65,1730.46,1
2025-06-01,2025,6,Indian Bank Apps,0.87,203.68,1
2025-06-01,2025,6,Indian Overseas Bank Apps,0.28,67.04,1
2025-06-01,2025,6,IndusInd Bank Apps,1.31,173.24,1
2025-06-01,2025,6,Jammu and Kashmir Bank Apps,2.41,316.86,1
2025-06-01,2025,6,Jio Payments Bank Apps,4.26,308.69,1
2025-06-01,2025,6,Jupiter Money,5.99,905.62,1
2025-06-01,2025,6,Karnataka Bank Apps,0.25,57.35,1
2025-06-01,2025,6,Karur Vysya Bank Apps,0.1,35.57,1
2025-06-01,2025,6,Kiwi,3.43,385.72,1
2025-06-01,2025,6,Kotak Mahindra Bank Apps,60.36,7735.27,1
2025-06-01,2025,6,Kredit Pe,0.43,42.0,1
2025-06-01,2025,6,Mobikwik,34.43,4600.71,1
2025-06-01,2025,6,Money View,0.34,38.22,1
2025-06-01,2025,6,NSDL Payments Bank Apps,1.19,48.41,1
2025-06-01,2025,6,Navi,406.01,21814.51,1
2025-06-01,2025,6,Niyo Global,0.06,14.82,1
2025-06-01,2025,6,Obopay,0.08,11.38,1
2025-06-01,2025,6,Omni Card,1.62,93.83,1
2025-06-01,2025,6,One Card,0.73,834.56,1
2025-06-01,2025,6,Others,2.06,243.61,1
2025-06-01,2025,6,POPclub,32.33,834.39,1
2025-06-01,2025,6,Paytm,1269.16,134171.16,1
2025-06-01,2025,6,Payworld,0.03,1.96,1
2025-06-01,2025,6,PhonePe,8547.04,1198690.03,1
2025-06-01,2025,6,Punjab National Bank Apps,3.46,917.08,1
2025-06-01,2025,6,RBL Bank Apps,10.7,1587.67,1
2025-06-01,2025,6,Rapipay,0.17,19.48,1
2025-06-01,2025,6,Salary Se,0.46,21.59,1
2025-06-01,2025,6,Samsung Pay,8.81,624.29,1
2025-06-01,2025,6,Shri Ram One,2.16,144.64,1
2025-06-01,2025,6,Slice Small Finance Bank Apps,17.76,2317.46,1
2025-06-01,2025,6,South Indian Bank Apps,0.73,208.33,1
2025-06-01,2025,6,Spice Money,0.2,14.16,1
2025-06-01,2025,6,Standard Chartered Bank Apps,1.74,165.08,1
2025-06-01,2025,6,State Bank of India Apps,13.35,3591.53,1
2025-06-01,2025,6,Suryoday Bank Apps,0.9,121.41,1
2025-06-01,2025,6,Tamilnad Mercantile Bank Apps,0.09,32.85,1
2025-06-01,2025,6,Tata Pay,0.47,134.16,1
2025-06-01,2025,6,Timepay,3.96,50.49,1
2025-06-01,2025,6,True Balance,0.07,2.2,1
2025-06-01,2025,6,UCO Bank Apps,0.51,125.51,1
2025-06-01,2025,6,Ultracash,0.1,7.45,1
2025-06-01,2025,6,Union Bank Apps,0.74,236.2,1
2025-06-01,2025,6,Unity Small Finance Bank Apps,0.07,16.01,1
2025-06-01,2025,6,WhatsApp Pay,67.48,4989.34,1
2025-06-01,2025,6,Yes Bank Apps,52.55,8917.32,1
2025-06-01,2025,6,super.money,218.96,7716.48,1
2025-07-01,2025,7,AU Small Finance Bank Apps,0.65,201.78,1
2025-07-01,2025,7,Aditya Birla Capital Digital,0.39,23.14,1
2025-07-01,2025,7,Airtel Payments Bank Apps,21.34,1509.17,1
2025-07-01,2025,7,Amazon Pay,100.53,10813.98,1
2025-07-01,2025,7,Axis Bank Apps,123.44,9773.39,1
2025-07-01,2025,7,BHIM,87.13,14522.39,1
2025-07-01,2025,7,Bajaj Finserv,10.87,2516.08,1
2025-07-01,2025,7,Bank of Baroda Apps,2.01,529.28,1
2025-07-01,2025,7,Bank of India Apps,0.31,95.7,1
2025-07-01,2025,7,Bank of Maharashtra Apps,0.02,8.09,1
2025-07-01,2025,7,Bharat Pe,0.92,62.45,1
2025-07-01,2025,7,CRED,144.38,55259.9,1
2025-07-01,2025,7,Canara Bank Apps,4.05,1018.59,1
2025-07-01,2025,7,Central Bank of India Apps,0.86,186.24,1
2025-07-01,2025,7,City Union Bank Apps,0.07,27.83,1
2025-07-01,2025,7,DBS Digibank Apps,0.88,222.49,1
2025-07-01,2025,7,Deutsche Bank Apps,4.43,770.63,1
2025-07-01,2025,7,Dhani,0.2,8.73,1
2025-07-01,2025,7,Digikhata,1.01,320.5,1
2025-07-01,2025,7,ESAF Small Finance Bank Apps,0.59,64.58,1
2025-07-01,2025,7,FamApp by Trio,125.0,1563.58,1
2025-07-01,2025,7,Federal Bank Apps,5.86,1163.18,1
2025-07-01,2025,7,Fi Money,2.84,400.92,1
2025-07-01,2025,7,Fino Payments Bank Apps,0.55,55.18,1
2025-07-01,2025,7,Flipkart UPI,2.7,155.64,1
2025-07-01,2025,7,Freo,0.04,2.57,1
2025-07-01,2025,7,Google Pay,6922.92,891297.38,1
2025-07-01,2025,7,Groww,14.06,11012.81,1
2025-07-01,2025,7,HDFC Bank Apps,64.97,15430.59,1
2025-07-01,2025,7,HSBC Bank Apps,1.09,135.52,1
2025-07-01,2025,7,ICICI Bank Apps,71.33,17102.36,1
2025-07-01,2025,7,IDBI Bank Apps,0.16,60.93,1
2025-07-01,2025,7,IDFC Bank Apps,18.08,2707.93,1
2025-07-01,2025,7,Ind Money,1.86,730.24,1
2025-07-01,2025,7,India Post Payments Bank Apps,18.16,1759.02,1
2025-07-01,2025,7,Indian Bank Apps,1.11,255.91,1
2025-07-01,2025,7,Indian Overseas Bank Apps,0.29,69.35,1
2025-07-01,2025,7,IndusInd Bank Apps,1.26,178.71,1
2025-07-01,2025,7,Jammu and Kashmir Bank Apps,2.62,343.24,1
2025-07-01,2025,7,Jar,0.02,0.5,1
2025-07-01,2025,7,Jio Payments Bank Apps,4.47,306.58,1
2025-07-01,2025,7,Jupiter Money,6.3,981.5,1
2025-07-01,2025,7,Karnataka Bank Apps,0.26,61.44,1
2025-07-01,2025,7,Karur Vysya Bank Apps,0.11,38.44,1
2025-07-01,2025,7,Kiwi,2.85,323.87,1
2025-07-01,2025,7,Kotak Mahindra Bank Apps,66.63,8497.73,1
2025-07-01,2025,7,Kredit Pe,0.6,54.67,1
2025-07-01,2025,7,Mobikwik,43.17,5578.43,1
2025-07-01,2025,7,Money View,0.71,64.31,1
2025-07-01,2025,7,NSDL Payments Bank Apps,2.78,110.25,1
2025-07-01,2025,7,Navi,444.06,23562.51,1
2025-07-01,2025,7,Niyo Global,0.08,20.06,1
2025-07-01,2025,7,Obopay,0.11,15.31,1
2025-07-01,2025,7,Omni Card,1.73,98.15,1
2025-07-01,2025,7,One Card,0.78,918.16,1
2025-07-01,2025,7,Others,2.31,244.14,1
2025-07-01,2025,7,POPclub,63.63,1539.48,1
2025-07-01,2025,7,Paytm,1366.05,143650.62,1
2025-07-01,2025,7,Payworld,0.04,3.27,1
2025-07-01,2025,7,PhonePe,8931.24,1220140.68,1
2025-07-01,2025,7,Punjab National Bank Apps,3.67,980.66,1
2025-07-01,2025,7,Punjab Sind Bank Apps,0.02,7.28,1
2025-07-01,2025,7,RBL Bank Apps,8.54,1388.7,1
2025-07-01,2025,7,Rapipay,0.22,23.19,1
2025-07-01,2025,7,Salary Se,0.5,22.32,1
2025-07-01,2025,7,Samsung Pay,9.34,669.72,1
2025-07-01,2025,7,Shri Ram One,2.38,155.72,1
2025-07-01,2025,7,Slice Small Finance Bank Apps,19.83,2586.22,1
2025-07-01,2025,7,South Indian Bank Apps,0.83,240.25,1
2025-07-01,2025,7,Spice Money,0.26,21.44,1
2025-07-01,2025,7,Standard Chartered Bank Apps,0.99,150.81,1
2025-07-01,2025,7,State Bank of India Apps,12.26,3633.07,1
2025-07-01,2025,7,Suryoday Bank Apps,1.06,151.82,1
2025-07-01,2025,7,Tamilnad Mercantile Bank Apps,0.1,33.72,1
2025-07-01,2025,7,Tata Pay,0.49,144.2,1
2025-07-01,2025,7,Timepay,3.14,47.4,1
2025-07-01,2025,7,True Balance,0.13,4.22,1
2025-07-01,2025,7,UCO Bank Apps,0.57,140.44,1
2025-07-01,2025,7,Ultracash,0.11,7.7,1
2025-07-01,2025,7,Union Bank Apps,0.79,259.13,1
2025-07-01,2025,7,Unity Small Finance Bank Apps,0.07,16.97,1
2025-07-01,2025,7,Utkarsh Small Finance Bank Apps,0.02,3.19,1
2025-07-01,2025,7,WhatsApp Pay,74.6,5412.58,1
2025-07-01,2025,7,Yes Bank Apps,55.6,9491.62,1
2025-07-01,2025,7,super.money,252.85,9018.71,1
2025-08-01,2025,8,AU Small Finance Bank Apps,0.68,208.06,1
2025-08-01,2025,8,Aditya Birla Capital Digital,0.42,28.13,1
2025-08-01,2025,8,Airtel Payments Bank Apps,21.4,1650.42,1
2025-08-01,2025,8,Amazon Pay,98.98,10830.8,1
2025-08-01,2025,8,Axis Bank Apps,135.14,9812.52,1
2025-08-01,2025,8,BHIM,100.17,15002.68,1
2025-08-01,2025,8,Bajaj Finserv,11.63,2456.88,1
2025-08-01,2025,8,Bank of Baroda Apps,2.39,508.85,1
2025-08-01,2025,8,Bank of India Apps,0.3,93.6,1
2025-08-01,2025,8,Bharat Pe,4.69,233.82,1
2025-08-01,2025,8,CRED,150.0,55756.24,1
2025-08-01,2025,8,Canara Bank Apps,4.27,1028.07,1
2025-08-01,2025,8,Central Bank of India Apps,0.71,161.42,1
2025-08-01,2025,8,City Union Bank Apps,0.07,28.22,1
2025-08-01,2025,8,DBS Digibank Apps,0.75,252.29,1
2025-08-01,2025,8,Deutsche Bank Apps,4.24,774.19,1
2025-08-01,2025,8,Dhani,0.22,9.85,1
2025-08-01,2025,8,Digikhata,1.1,365.04,1
2025-08-01,2025,8,ESAF Small Finance Bank Apps,0.59,63.66,1
2025-08-01,2025,8,FamApp by Trio,135.65,1708.85,1
2025-08-01,2025,8,Federal Bank Apps,6.55,1295.01,1
2025-08-01,2025,8,Fi Money,2.77,391.19,1
2025-08-01,2025,8,Fino Payments Bank Apps,0.69,68.05,1
2025-08-01,2025,8,Flipkart UPI,3.46,194.88,1
2025-08-01,2025,8,Freo,0.04,2.43,1
2025-08-01,2025,8,Google Pay,7063.76,883682.27,1
2025-08-01,2025,8,Groww,13.01,9001.87,1
2025-08-01,2025,8,HDFC Bank Apps,72.86,16120.19,1
2025-08-01,2025,8,HSBC Bank Apps,1.21,151.55,1
2025-08-01,2025,8,ICICI Bank Apps,75.8,16589.76,1
2025-08-01,2025,8,IDBI Bank Apps,0.17,67.08,1
2025-08-01,2025,8,IDFC Bank Apps,17.48,2728.37,1
2025-08-01,2025,8,Ind Money,2.15,758.73,1
2025-08-01,2025,8,India Post Payments Bank Apps,19.58,1892.61,1
2025-08-01,2025,8,Indian Bank Apps,1.26,281.53,1
2025-08-01,2025,8,Indian Overseas Bank Apps,0.26,64.38,1
2025-08-01,2025,8,IndusInd Bank Apps,1.91,238.35,1
2025-08-01,2025,8,JAR,0.04,1.14,1
2025-08-01,2025,8,Jammu and Kashmir Bank Apps,2.47,334.59,1
2025-08-01,2025,8,Jio Payments Bank Apps,4.65,319.72,1
2025-08-01,2025,8,Jupiter Money,6.49,998.01,1
2025-08-01,2025,8,Karnataka Bank Apps,0.27,60.71,1
2025-08-01,2025,8,Karur Vysya Bank Apps,0.11,38.33,1
2025-08-01,2025,8,Kiwi,2.69,305.39,1
2025-08-01,2025,8,Kotak Mahindra Bank Apps,71.87,8662.31,1
2025-08-01,2025,8,Kredit Pe,0.71,60.21,1
2025-08-01,2025,8,Mobikwik,48.14,6010.88,1
2025-08-01,2025,8,Money View,1.03,74.94,1
2025-08-01,2025,8,NSDL Payments Bank Apps,3.59,198.74,1
2025-08-01,2025,8,Navi,504.45,25396.91,1
2025-08-01,2025,8,Niyo Global,0.09,22.11,1
2025-08-01,2025,8,OBOPAY,0.11,16.77,1
2025-08-01,2025,8,Omni Card,1.82,113.4,1
2025-08-01,2025,8,One Card,0.76,884.64,1
2025-08-01,2025,8,Others,4.72,517.15,1
2025-08-01,2025,8,Paytm,1407.23,143484.97,1
2025-08-01,2025,8,Payworld,0.04,4.0,1
2025-08-01,2025,8,PhonePe,9152.54,1199457.73,1
2025-08-01,2025,8,Pop Club,44.53,1694.22,1
2025-08-01,2025,8,Punjab National Bank Apps,3.79,964.86,1
2025-08-01,2025,8,Punjab Sind Bank Apps,0.02,6.63,1
2025-08-01,2025,8,RBL Bank Apps,9.29,1456.85,1
2025-08-01,2025,8,Rapipay,0.24,25.0,1
2025-08-01,2025,8,Salary Se,0.53,24.31,1
2025-08-01,2025,8,Samsung Pay,9.9,682.42,1
2025-08-01,2025,8,Shri Ram One,2.61,159.27,1
2025-08-01,2025,8,Slice Small Finance Bank Apps,20.75,2716.15,1
2025-08-01,2025,8,South Indian Bank Apps,0.9,248.87,1
2025-08-01,2025,8,Spice Money,0.3,26.1,1
2025-08-01,2025,8,Standard Chartered Bank Apps,0.26,123.33,1
2025-08-01,2025,8,State Bank of India Apps,12.99,3668.47,1
2025-08-01,2025,8,Suryoday Bank Apps,1.46,111.94,1
2025-08-01,2025,8,Tamilnad Mercantile Bank Apps,0.1,33.36,1
2025-08-01,2025,8,Tata Pay,0.52,155.47,1
2025-08-01,2025,8,Timepay,2.98,43.77,1
2025-08-01,2025,8,True Balance,0.15,4.9,1
2025-08-01,2025,8,UCO Bank Apps,0.53,130.16,1
2025-08-01,2025,8,Ultracash,0.1,7.48,1
2025-08-01,2025,8,Union Bank Apps,0.84,259.85,1
2025-08-01,2025,8,Unity Small Finance Bank Apps,0.07,19.76,1
2025-08-01,2025,8,Utkarsh Small Finance Bank Apps,0.03,4.18,1
2025-08-01,2025,8,WhatsApp Pay,78.21,5583.34,1
2025-08-01,2025,8,Yes Bank Apps,54.33,9428.15,1
2025-08-01,2025,8,super.money,256.64,9290.21,1
2025-09-01,2025,9,AU Small Finance Bank Apps,0.69,221.41,1
2025-09-01,2025,9,Aditya Birla Capital Digital,0.56,25.14,1
2025-09-01,2025,9,Airtel Payments Bank Apps,17.34,1290.54,1
2025-09-01,2025,9,Amazon Pay,91.4,10234.84,1
2025-09-01,2025,9,Axis Bank Apps,158.05,14911.36,1
2025-09-01,2025,9,BHIM,110.84,16273.38,1
2025-09-01,2025,9,Bajaj Finserv,12.01,2520.3,1
2025-09-01,2025,9,Bank of Baroda Apps,2.59,611.74,1
2025-09-01,2025,9,Bank of India Apps,0.32,101.51,1
2025-09-01,2025,9,Bharat Pe,16.07,1357.79,1
2025-09-01,2025,9,CRED,147.86,54796.41,1
2025-09-01,2025,9,Canara Bank Apps,4.27,1049.05,1
2025-09-01,2025,9,Central Bank of India Apps,0.55,137.29,1
2025-09-01,2025,9,City Union Bank Apps,0.08,31.81,1
2025-09-01,2025,9,DBS Digibank Apps,0.73,250.9,1
2025-09-01,2025,9,Deutsche Bank Apps,4.63,765.38,1
2025-09-01,2025,9,Dhani,0.23,10.7,1
2025-09-01,2025,9,Digikhata,1.05,352.31,1
2025-09-01,2025,9,ESAF Small Finance Bank Apps,0.67,65.43,1
2025-09-01,2025,9,Equitas Small Finance Bank Apps,0.02,7.23,1
2025-09-01,2025,9,FamApp by Trio,140.01,1751.77,1
2025-09-01,2025,9,Federal Bank Apps,6.61,1330.79,1
2025-09-01,2025,9,Fi Money,2.66,382.26,1
2025-09-01,2025,9,Fino Payments Bank Apps,0.78,69.88,1
2025-09-01,2025,9,Flipkart UPI,3.58,263.48,1
2025-09-01,2025,9,Freo,0.03,1.96,1
2025-09-01,2025,9,Google Pay,6832.93,873639.91,1
2025-09-01,2025,9,Groww,14.17,10098.51,1
2025-09-01,2025,9,HDFC Bank Apps,74.6,16420.63,1
2025-09-01,2025,9,HSBC Bank Apps,1.22,145.89,1
2025-09-01,2025,9,ICICI Bank Apps,74.1,16624.59,1
2025-09-01,2025,9,IDBI Bank Apps,0.17,69.18,1
2025-09-01,2025,9,IDFC Bank Apps,13.14,2718.78,1
2025-09-01,2025,9,Ind Money,2.61,870.13,1
2025-09-01,2025,9,India Post Payments Bank Apps,16.81,1625.33,1
2025-09-01,2025,9,Indian Bank Apps,1.38,316.14,1
2025-09-01,2025,9,Indian Overseas Bank Apps,0.24,62.77,1
2025-09-01,2025,9,IndusInd Bank Apps,1.67,222.41,1
2025-09-01,2025,9,Jammu and Kashmir Bank Apps,2.38,348.51,1
2025-09-01,2025,9,Jar,0.14,3.13,1
2025-09-01,2025,9,Jio Payments Bank Apps,5.0,344.89,1
2025-09-01,2025,9,Jupiter Money,6.06,958.38,1
2025-09-01,2025,9,Karnataka Bank Apps,0.27,62.58,1
2025-09-01,2025,9,Karur Vysya Bank Apps,0.11,40.62,1
2025-09-01,2025,9,Kiwi,2.5,306.62,1
2025-09-01,2025,9,Kotak Mahindra Bank Apps,75.46,9168.77,1
2025-09-01,2025,9,Kredit Pe,0.67,54.86,1
2025-09-01,2025,9,KreditBee,0.05,2.18,1
2025-09-01,2025,9,Mobikwik,46.95,5761.51,1
2025-09-01,2025,9,Money View,1.09,87.15,1
2025-09-01,2025,9,NSDL Payments Bank Apps,2.05,216.31,1
2025-09-01,2025,9,Navi,526.02,26510.97,1
2025-09-01,2025,9,Niyo Global,0.05,13.16,1
2025-09-01,2025,9,Obopay,0.13,19.72,1
2025-09-01,2025,9,Omni Card,1.86,118.22,1
2025-09-01,2025,9,One Card,0.71,827.92,1
2025-09-01,2025,9,Others,2.32,227.21,1
2025-09-01,2025,9,POPclub,51.61,1953.68,1
2025-09-01,2025,9,Paytm,1394.07,145134.78,1
2025-09-01,2025,9,Payworld,0.05,4.05,1
2025-09-01,2025,9,PhonePe,8961.78,1203787.91,1
2025-09-01,2025,9,Punjab National Bank Apps,3.88,983.32,1
2025-09-01,2025,9,Punjab Sind Bank Apps,0.02,7.21,1
2025-09-01,2025,9,RBL Bank Apps,7.92,1546.1,1
2025-09-01,2025,9,Rapipay,0.23,24.83,1
2025-09-01,2025,9,Salary Se,0.49,22.88,1
2025-09-01,2025,9,Samsung Pay,9.9,676.36,1
2025-09-01,2025,9,Shri Ram One,1.81,136.08,1
2025-09-01,2025,9,Slice Small Finance Bank Apps,22.62,3014.8,1
2025-09-01,2025,9,South Indian Bank Apps,0.86,248.26,1
2025-09-01,2025,9,Spice Money,0.3,28.07,1
2025-09-01,2025,9,Standard Chartered Bank Apps,0.25,113.63,1
2025-09-01,2025,9,State Bank of India Apps,12.18,3614.58,1
2025-09-01,2025,9,Suryoday Bank Apps,1.68,13.47,1
2025-09-01,2025,9,Tamilnad Mercantile Bank Apps,0.1,36.17,1
2025-09-01,2025,9,Tata Pay,0.5,159.6,1
2025-09-01,2025,9,Timepay,2.98,41.89,1
2025-09-01,2025,9,True Balance,0.13,4.49,1
2025-09-01,2025,9,UCO Bank Apps,0.54,140.39,1
2025-09-01,2025,9,Ultracash,0.09,6.96,1
2025-09-01,2025,9,Union Bank Apps,0.73,232.38,1
2025-09-01,2025,9,Unity Small Finance Bank Apps,0.07,21.92,1
2025-09-01,2025,9,Utkarsh Small Finance Bank Apps,0.03,5.49,1
2025-09-01,2025,9,WhatsApp Pay,79.75,5768.86,1
2025-09-01,2025,9,Yes Bank Apps,47.75,6758.44,1
2025-09-01,2025,9,super.money,256.34,9852.44,1
2025-10-01,2025,10,AU Small Finance Bank Apps,0.71,246.67,1
2025-10-01,2025,10,Aditya Birla Capital Digital,0.42,21.45,1
2025-10-01,2025,10,Airtel Payments Bank Apps,17.43,1340.02,1
2025-10-01,2025,10,Amazon Pay,91.65,10710.43,1
2025-10-01,2025,10,Axis Bank Apps,113.58,15761.25,1
2025-10-01,2025,10,BHIM,124.25,19376.26,1
2025-10-01,2025,10,Bajaj Finserv,12.82,2599.28,1
2025-10-01,2025,10,Bank of Baroda Apps,2.77,723.28,1
2025-10-01,2025,10,Bank of India Apps,0.33,107.21,1
2025-10-01,2025,10,Bank of Maharashtra Apps,0.03,9.46,1
2025-10-01,2025,10,Bharat Pe,1.77,137.63,1
2025-10-01,2025,10,CRED,157.99,62438.03,1
2025-10-01,2025,10,Canara Bank Apps,4.37,1133.76,1
2025-10-01,2025,10,Central Bank of India Apps,0.4,115.39,1
2025-10-01,2025,10,City Union Bank Apps,0.08,32.76,1
2025-10-01,2025,10,DBS Digibank Apps,0.61,217.83,1
2025-10-01,2025,10,Deutsche Bank Apps,5.21,1035.32,1
2025-10-01,2025,10,Dhani,0.24,10.84,1
2025-10-01,2025,10,Digikhata,1.14,409.7,1
2025-10-01,2025,10,ESAF Small Finance Bank Apps,0.97,98.21,1
2025-10-01,2025,10,Equitas Small Finance Bank Apps,0.02,7.76,1
2025-10-01,2025,10,FamApp by Trio,146.03,1900.99,1
2025-10-01,2025,10,Federal Bank Apps,6.99,1626.56,1
2025-10-01,2025,10,Fi Money,2.7,405.88,1
2025-10-01,2025,10,Fino Payments Bank Apps,0.91,82.72,1
2025-10-01,2025,10,Flipkart UPI,3.31,208.86,1
2025-10-01,2025,10,Freo,0.03,2.1,1
2025-10-01,2025,10,Google Pay,7164.43,954048.01,1
2025-10-01,2025,10,Groww,15.87,12555.52,1
2025-10-01,2025,10,HDFC Bank Apps,80.37,18623.69,1
2025-10-01,2025,10,HSBC Bank Apps,1.5,170.25,1
2025-10-01,2025,10,ICICI Bank Apps,73.2,18114.84,1
2025-10-01,2025,10,IDBI Bank Apps,0.17,75.41,1
2025-10-01,2025,10,IDFC Bank Apps,13.74,3041.73,1
2025-10-01,2025,10,Ind Money,2.98,1121.61,1
2025-10-01,2025,10,India Post Payments Bank Apps,17.97,1879.52,1
2025-10-01,2025,10,Indian Bank Apps,1.49,448.46,1
2025-10-01,2025,10,Indian Overseas Bank Apps,0.21,59.47,1
2025-10-01,2025,10,IndusInd Bank Apps,1.58,224.25,1
2025-10-01,2025,10,Jammu and Kashmir Bank Apps,2.66,419.17,1
2025-10-01,2025,10,Jar,0.46,10.67,1
2025-10-01,2025,10,Jio Payments Bank Apps,5.68,417.41,1
2025-10-01,2025,10,Jupiter Money,6.06,991.43,1
2025-10-01,2025,10,Karnataka Bank Apps,0.26,62.55,1
2025-10-01,2025,10,Karur Vysya Bank Apps,0.12,44.87,1
2025-10-01,2025,10,Kiwi,2.92,403.52,1
2025-10-01,2025,10,Kotak Mahindra Bank Apps,85.14,10842.97,1
2025-10-01,2025,10,Kredit Pe,0.63,56.41,1
2025-10-01,2025,10,KreditBee,0.5,13.9,1
2025-10-01,2025,10,Mobikwik,52.39,6500.58,1
2025-10-01,2025,10,Money View,1.38,105.13,1
2025-10-01,2025,10,NSDL Payments Bank Apps,3.47,368.39,1
2025-10-01,2025,10,Navi,573.79,30599.37,1
2025-10-01,2025,10,Obopay,0.14,21.43,1
2025-10-01,2025,10,Omni Card,1.92,128.78,1
2025-10-01,2025,10,One Card,0.73,904.13,1
2025-10-01,2025,10,Others,2.44,234.4,1
2025-10-01,2025,10,POPclub,38.92,1700.27,1
2025-10-01,2025,10,Paytm,1498.54,166629.1,1
2025-10-01,2025,10,Payworld,0.07,5.97,1
2025-10-01,2025,10,PhonePe,9410.55,1306265.2,1
2025-10-01,2025,10,Punjab National Bank Apps,4.15,1110.15,1
2025-10-01,2025,10,Punjab Sind Bank Apps,0.04,14.19,1
2025-10-01,2025,10,RBL Bank Apps,6.92,1983.26,1
2025-10-01,2025,10,Rapipay,0.26,27.54,1
2025-10-01,2025,10,Salary Se,0.48,24.33,1
2025-10-01,2025,10,Samsung Pay,10.47,758.79,1
2025-10-01,2025,10,Shri Ram One,1.43,121.39,1
2025-10-01,2025,10,Slice Small Finance Bank Apps,25.1,3155.16,1
2025-10-01,2025,10,South Indian Bank Apps,0.87,259.65,1
2025-10-01,2025,10,Spice Money,0.33,31.47,1
2025-10-01,2025,10,Standard Chartered Bank Apps,0.29,120.33,1
2025-10-01,2025,10,State Bank of India Apps,12.9,4041.65,1
2025-10-01,2025,10,Suryoday Bank Apps,2.3,14.34,1
2025-10-01,2025,10,Tamilnad Mercantile Bank Apps,0.1,35.99,1
2025-10-01,2025,10,Tata Pay,0.5,167.09,1
2025-10-01,2025,10,Timepay,1.94,38.42,1
2025-10-01,2025,10,True Balance,0.15,5.04,1
2025-10-01,2025,10,TwidPay,0.1,10.9,1
2025-10-01,2025,10,UCO Bank Apps,0.59,161.03,1
2025-10-01,2025,10,Ultracash,0.09,6.99,1
2025-10-01,2025,10,Union Bank Apps,0.73,225.05,1
2025-10-01,2025,10,Unity Small Finance Bank Apps,0.08,25.74,1
2025-10-01,2025,10,Utkarsh Small Finance Bank Apps,0.02,5.64,1
2025-10-01,2025,10,WhatsApp Pay,84.35,6512.78,1
2025-10-01,2025,10,Yes Bank Apps,54.81,7495.68,1
2025-10-01,2025,10,super.money,264.77,10962.09,1
2025-11-01,2025,11,AU Small Finance Bank Apps,0.73,241.68,1
2025-11-01,2025,11,Aditya Birla Capital Digital,1.11,24.14,1
2025-11-01,2025,11,Airtel Payments Bank Apps,15.73,1263.86,1
2025-11-01,2025,11,Amazon Pay,86.58,9909.89,1
2025-11-01,2025,11,Axis Bank Apps,133.63,15515.97,1
2025-11-01,2025,11,BHIM,139.11,18280.83,1
2025-11-01,2025,11,Bajaj Finserv,12.87,2750.64,1
2025-11-01,2025,11,Bank of Baroda Apps,2.74,653.52,1
2025-11-01,2025,11,Bank of India Apps,0.34,108.52,1
2025-11-01,2025,11,Bank of Maharashtra Apps,0.04,10.94,1
2025-11-01,2025,11,Bharat Pe,2.28,177.52,1
2025-11-01,2025,11,CRED,153.54,59261.16,1
2025-11-01,2025,11,Canara Bank Apps,4.35,1074.18,1
2025-11-01,2025,11,Central Bank of India Apps,0.42,126.34,1
2025-11-01,2025,11,Cheq,0.02,2.44,1
2025-11-01,2025,11,City Union Bank Apps,0.07,29.85,1
2025-11-01,2025,11,Curie Money,0.04,3.25,1
2025-11-01,2025,11,DBS Digibank Apps,0.58,203.03,1
2025-11-01,2025,11,Deutsche Bank Apps,4.39,760.75,1
2025-11-01,2025,11,Dhani,0.21,9.42,1
2025-11-01,2025,11,Digikhata,1.16,412.73,1
2025-11-01,2025,11,ESAF Small Finance Bank Apps,1.19,127.39,1
2025-11-01,2025,11,Equitas Small Finance Bank Apps,0.03,10.2,1
2025-11-01,2025,11,FamApp by Trio,149.79,1867.72,1
2025-11-01,2025,11,Federal Bank Apps,6.38,1581.57,1
2025-11-01,2025,11,Fi Money,2.58,375.77,1
2025-11-01,2025,11,Fino Payments Bank Apps,0.96,83.45,1
2025-11-01,2025,11,Flipkart UPI,2.66,146.29,1
2025-11-01,2025,11,Freo,0.03,1.84,1
2025-11-01,2025,11,Google Pay,7020.94,905445.37,1
2025-11-01,2025,11,Groww,14.28,9763.15,1
2025-11-01,2025,11,HDFC Bank Apps,73.57,16795.79,1
2025-11-01,2025,11,HSBC Bank Apps,1.26,158.12,1
2025-11-01,2025,11,ICICI Bank Apps,65.74,17156.92,1
2025-11-01,2025,11,IDBI Bank Apps,0.16,71.99,1
2025-11-01,2025,11,IDFC Bank Apps,15.38,2955.39,1
2025-11-01,2025,11,Ind Money,3.02,994.89,1
2025-11-01,2025,11,India Post Payments Bank Apps,19.17,1912.89,1
2025-11-01,2025,11,Indian Bank Apps,1.52,422.65,1
2025-11-01,2025,11,Indian Overseas Bank Apps,0.2,53.88,1
2025-11-01,2025,11,IndusInd Bank Apps,1.39,212.28,1
2025-11-01,2025,11,Jammu and Kashmir Bank Apps,2.42,378.25,1
2025-11-01,2025,11,Jar,0.33,8.42,1
2025-11-01,2025,11,Jio Payments Bank Apps,5.92,418.34,1
2025-11-01,2025,11,Jupiter Money,6.04,935.1,1
2025-11-01,2025,11,Karnataka Bank Apps,0.27,63.02,1
2025-11-01,2025,11,Karur Vysya Bank Apps,0.12,43.7,1
2025-11-01,2025,11,Kiwi,3.08,404.62,1
2025-11-01,2025,11,Kotak Mahindra Bank Apps,86.37,10393.45,1
2025-11-01,2025,11,Kredit Pe,0.6,53.81,1
2025-11-01,2025,11,KreditBee,1.06,37.32,1
2025-11-01,2025,11,LXME,0.02,1.65,1
2025-11-01,2025,11,Mobikwik,56.52,6916.48,1
2025-11-01,2025,11,Money View,1.41,98.11,1
2025-11-01,2025,11,NSDL Payments Bank Apps,3.48,319.56,1
2025-11-01,2025,11,Navi,606.61,32180.8,1
2025-11-01,2025,11,Obopay,0.15,23.14,1
2025-11-01,2025,11,Omni Card,1.9,129.21,1
2025-11-01,2025,11,One Card,0.63,793.04,1
2025-11-01,2025,11,Others,2.54,244.75,1
2025-11-01,2025,11,Oxymoney,0.16,10.58,1
2025-11-01,2025,11,POPclub,14.58,834.96,1
2025-11-01,2025,11,Paytm,1518.95,163210.19,1
2025-11-01,2025,11,Payworld,0.08,7.81,1
2025-11-01,2025,11,PhonePe,9322.29,1274723.47,1
2025-11-01,2025,11,Punjab National Bank Apps,4.03,1040.95,1
2025-11-01,2025,11,Punjab Sind Bank Apps,0.03,11.81,1
2025-11-01,2025,11,RBL Bank Apps,6.9,2228.5,1
2025-11-01,2025,11,Rapipay,0.3,29.39,1
2025-11-01,2025,11,Salary Se,0.48,23.87,1
2025-11-01,2025,11,Samsung Pay,11.21,716.66,1
2025-11-01,2025,11,Shri Ram One,1.39,108.4,1
2025-11-01,2025,11,Slice Small Finance Bank Apps,29.32,3172.92,1
2025-11-01,2025,11,South Indian Bank Apps,0.84,243.72,1
2025-11-01,2025,11,Spice Money,0.32,30.58,1
2025-11-01,2025,11,Standard Chartered Bank Apps,0.36,116.53,1
2025-11-01,2025,11,State Bank of India Apps,13.17,3838.92,1
2025-11-01,2025,11,Suryoday Bank Apps,1.89,3.55,1
2025-11-01,2025,11,Tamilnad Mercantile Bank Apps,0.1,34.64,1
2025-11-01,2025,11,Tata Pay,0.42,148.43,1
2025-11-01,2025,11,Timepay,2.0,39.98,1
2025-11-01,2025,11,True Balance,0.18,6.09,1
2025-11-01,2025,11,TwidPay,0.11,12.18,1
2025-11-01,2025,11,UCO Bank Apps,0.58,154.26,1
2025-11-01,2025,11,Ultracash,0.08,6.31,1
2025-11-01,2025,11,Union Bank Apps,0.88,250.09,1
2025-11-01,2025,11,Unity Small Finance Bank Apps,0.08,24.79,1
2025-11-01,2025,11,WhatsApp Pay,87.06,7168.01,1
2025-11-01,2025,11,Yes Bank Apps,47.37,6384.17,1
2025-11-01,2025,11,super.money,265.07,10569.55,1
2025-12-01,2025,12,AU Small Finance Bank Apps,0.81,264.18,1
2025-12-01,2025,12,Aditya Birla Capital Digital,1.46,26.21,1
2025-12-01,2025,12,Airtel Payments Bank Apps,16.05,1332.95,1
2025-12-01,2025,12,Amazon Pay,86.48,10133.85,1
2025-12-01,2025,12,Axis Bank Apps,144.75,13612.02,1
2025-12-01,2025,12,BHIM,155.75,20246.97,1
2025-12-01,2025,12,Bajaj Finserv,13.35,2822.57,1
2025-12-01,2025,12,Bank of Baroda Apps,2.25,566.75,1
2025-12-01,2025,12,Bank of India Apps,0.38,120.71,1
2025-12-01,2025,12,Bank of Maharashtra Apps,0.06,17.64,1
2025-12-01,2025,12,Bharat Pe,2.46,206.84,1
2025-12-01,2025,12,CRED,157.25,59073.03,1
2025-12-01,2025,12,Canara Bank Apps,4.53,1142.72,1
2025-12-01,2025,12,Central Bank of India Apps,0.46,150.27,1
2025-12-01,2025,12,Cheq,0.04,3.88,1
2025-12-01,2025,12,City Union Bank Apps,0.07,29.47,1
2025-12-01,2025,12,Curie Money,0.05,2.71,1
2025-12-01,2025,12,DBS Digibank Apps,0.63,224.56,1
2025-12-01,2025,12,Deutsche Bank Apps,5.36,827.1,1
2025-12-01,2025,12,Dhani,0.21,9.1,1
2025-12-01,2025,12,Digikhata,1.25,421.6,1
2025-12-01,2025,12,ESAF Small Finance Bank Apps,1.28,133.33,1
2025-12-01,2025,12,Equitas Small Finance Bank Apps,0.05,14.17,1
2025-12-01,2025,12,FamApp by Trio,159.05,2007.01,1
2025-12-01,2025,12,Fave,0.03,7.04,1
2025-12-01,2025,12,Federal Bank Apps,7.33,1853.24,1
2025-12-01,2025,12,Fi Money,2.59,381.14,1
2025-12-01,2025,12,Fino Payments Bank Apps,1.0,87.85,1
2025-12-01,2025,12,Flipkart UPI,2.8,152.97,1
2025-12-01,2025,12,Freo,0.59,56.56,1
2025-12-01,2025,12,Google Pay,7311.67,956693.92,1
2025-12-01,2025,12,Groww,15.87,11688.01,1
2025-12-01,2025,12,HDFC Bank Apps,75.34,17540.37,1
2025-12-01,2025,12,HSBC Bank Apps,1.26,156.91,1
2025-12-01,2025,12,ICICI Bank Apps,72.52,18742.95,1
2025-12-01,2025,12,IDBI Bank Apps,0.17,84.4,1
2025-12-01,2025,12,IDFC Bank Apps,14.49,3173.31,1
2025-12-01,2025,12,Ind Money,3.33,1054.69,1
2025-12-01,2025,12,India Post Payments Bank Apps,17.91,1893.26,1
2025-12-01,2025,12,Indian Bank Apps,1.59,474.12,1
2025-12-01,2025,12,Indian Overseas Bank Apps,0.19,52.64,1
2025-12-01,2025,12,IndusInd Bank Apps,1.7,266.09,1
2025-12-01,2025,12,Jammu and Kashmir Bank Apps,2.5,390.02,1
2025-12-01,2025,12,Jar,0.25,6.05,1
2025-12-01,2025,12,Jio Payments Bank Apps,6.39,440.97,1
2025-12-01,2025,12,Jupiter Money,6.09,966.07,1
2025-12-01,2025,12,Karnataka Bank Apps,0.29,68.64,1
2025-12-01,2025,12,Karur Vysya Bank Apps,0.13,45.88,1
2025-12-01,2025,12,Kiwi,3.1,439.43,1
2025-12-01,2025,12,Kotak Mahindra Bank Apps,94.55,11500.65,1
2025-12-01,2025,12,Kredit Pe,0.61,54.13,1
2025-12-01,2025,12,KreditBee,1.57,77.28,1
2025-12-01,2025,12,LXME,0.03,2.43,1
2025-12-01,2025,12,Mobikwik,63.4,7451.94,1
2025-12-01,2025,12,Money View,1.79,103.65,1
2025-12-01,2025,12,NSDL Payments Bank Apps,3.77,316.05,1
2025-12-01,2025,12,Navi,671.89,35715.89,1
2025-12-01,2025,12,Obopay,0.17,26.26,1
2025-12-01,2025,12,Omni Card,1.95,134.81,1
2025-12-01,2025,12,One Card,0.62,784.25,1
2025-12-01,2025,12,Others,2.89,272.54,1
2025-12-01,2025,12,Oxymoney,1.01,16.97,1
2025-12-01,2025,12,POPclub,9.38,705.72,1
2025-12-01,2025,12,Paytm,1624.45,175716.1,1
2025-12-01,2025,12,Payworld,0.1,10.22,1
2025-12-01,2025,12,PhonePe,9799.14,1360501.94,1
2025-12-01,2025,12,Punjab National Bank Apps,2.96,748.71,1
2025-12-01,2025,12,Punjab Sind Bank Apps,0.03,12.97,1
2025-12-01,2025,12,RBL Bank Apps,8.56,4327.98,1
2025-12-01,2025,12,Rapipay,0.4,33.66,1
2025-12-01,2025,12,Saathi by PayNearBy,0.06,6.09,1
2025-12-01,2025,12,Salary Se,0.42,25.24,1
2025-12-01,2025,12,Samsung Pay,11.36,745.25,1
2025-12-01,2025,12,Shri Ram One,1.43,111.67,1
2025-12-01,2025,12,Slice Small Finance Bank Apps,34.45,3749.59,1
2025-12-01,2025,12,South Indian Bank Apps,0.93,273.46,1
2025-12-01,2025,12,Spice Money,0.36,32.52,1
2025-12-01,2025,12,Standard Chartered Bank Apps,0.41,122.83,1
2025-12-01,2025,12,State Bank of India Apps,14.63,4313.86,1
2025-12-01,2025,12,Suryoday Bank Apps,2.5,5.76,1
2025-12-01,2025,12,Tamilnad Mercantile Bank Apps,0.11,39.25,1
2025-12-01,2025,12,Tata Pay,0.37,126.35,1
2025-12-01,2025,12,Timepay,1.81,37.13,1
2025-12-01,2025,12,True Balance,0.21,7.24,1
2025-12-01,2025,12,TwidPay,0.13,15.83,1
2025-12-01,2025,12,UCO Bank Apps,0.6,164.56,1
2025-12-01,2025,12,Ultracash,0.05,3.7,1
2025-12-01,2025,12,Union Bank Apps,0.94,273.39,1
2025-12-01,2025,12,Unity Small Finance Bank Apps,0.08,26.45,1
2025-12-01,2025,12,WhatsApp Pay,100.45,7399.16,1
2025-12-01,2025,12,Yes Bank Apps,49.47,6917.69,1
2025-12-01,2025,12,super.money,286.86,11745.61,1
